mah_id,mahalle_adi,ilce_adi,toplam_nufus,toplam_bina,vs30_mean,rjb_distance_km,pga_ortalama,deprem_yogunlugu,vulnerability_score_norm,seismic_score,composite_risk_score,natural_risk_label,balanced_risk_label,predicted_risk
0600000,Eğerlibaşköy Mahallesi,Çankaya,102,10,429.8668065892529,20.168960935654145,0.002905569713084,0.9447794844911209,0.1624020321447902,0.3978293596561683,0.2727889375161759,2,4,2
0600001,Mehtap Mahallesi,Keçiören,651,10,527.647315069367,50.32933525438877,0.0029521506884937,0.3506766629801807,0.1851440899297561,0.2499904681152725,0.2663254284060523,2,1,2
0600002,Dostlar Mahallesi,Yenimahalle,28510,2583,395.34112429399937,49.02659507993788,0.00327716717576815,0.13992557336382072,0.1500341409478741,0.3133437130242776,0.24838446416059753,2,2,2
0600003,Emek Mahallesi,Mamak,4480,511,502.8177491850222,55.08093891731604,0.0025527699801986,0.0,0.2067000250407374,0.3674280355997847,0.1991751376269017,2,5,1
0600004,Güzelhisar Mahallesi,Sincan,8004,673,464.7618086706978,38.947453958871,0.0029838926643755,0.30039461369315124,0.1756147155252129,0.1314214861058153,0.2704454346577627,2,3,2
0600005,Yurtbeyi Mahallesi,Etimesgut,1234,56,474.5057496684952,33.820697306739405,0.0034296906713978,0.6318081400323361,0.1426684112978198,0.4379286846420026,0.25827831081543223,2,3,2
0600006,Metin Oktay Mahallesi,Altındağ,17126,1590,490.17117731546256,38.4760500072507,0.00337577118344285,0.40530904173698296,0.1147588914501008,0.4112220088368512,0.27882586099362955,2,5,2
0600007,Maltepe Mahallesi,Gölbaşı,31295,2690,423.6102022619429,21.307117349089555,0.0032961003124357497,0.1793149664926677,0.0522152546339502,0.2328745841817711,0.2238781454755881,2,3,2
0600008,Korkutreis Mahallesi,Çankaya,13061,1155,474.05481341421824,51.702122000669206,0.00370980148428925,0.37949136089332497,0.187828233745657,0.1544381648187172,0.2182339381937224,2,4,2
0600009,Sakarya Mahallesi,Keçiören,9153,792,478.0606847624103,39.29447815022184,0.0030288214730422,0.670066997749451,0.2099668390464125,0.3319021041296653,0.17667270677313207,2,4,1
0600010,Yıldızevler Mahallesi,Yenimahalle,22544,2300,431.2296047092784,32.70723671668999,0.0028937358221731,0.20767053849104103,0.0879822873924514,0.1995980016372884,0.2451369168013436,2,1,2
0600011,Tepecik Mahallesi,Mamak,29612,2302,362.87317034468015,28.09965537384941,0.0030620742696519,0.3436466814306868,0.1206517156453838,0.2048014471174339,0.22651970617975808,2,2,2
0600012,Fatih Mahallesi,Sincan,8715,529,535.3328534719352,48.27038906445484,0.00322322038637235,0.4262194879875637,0.2003303270516314,0.2521804505888463,0.1373096903477176,2,4,1
0600013,Koru Mahallesi,Etimesgut,102,352,447.4461602903463,35.942589254300955,0.00319185068048295,0.4060354269362335,0.1750842522584394,0.2525999890310289,0.24957730825020902,2,4,2
0600014,İncek Mahallesi,Altındağ,102,416,530.4754467468445,31.754515665296186,0.0034224716216187,0.1831808493616981,0.1226047347896532,0.2788820116114204,0.25937659062572543,2,4,2
0600015,Karataş Mahallesi,Gölbaşı,18508,1169,401.9201570438135,34.28488950992725,0.0027705696410613503,0.4534518946275422,0.1515073199391007,0.2434631446286737,0.14137913969928495,2,4,1
0600016,Şehit Cengiz Karaca Mahallesi,Çankaya,4447,426,363.5367371831693,51.674298700854,0.0032641202968271,0.3986764042035462,0.1692101036002948,0.2708941445579607,0.2626990186928836,2,5,2
0600017,Anadolu Mahallesi,Keçiören,12379,1128,450.1544638486183,43.99209178735215,0.002772251962114,0.28893966658501674,0.1799964364998102,0.2329245703255833,0.29089078605205204,2,2,2
0600018,Mimar Sinan Mahallesi,Yenimahalle,18831,1640,437.4361693841977,26.919411222483745,0.0031702531278974,0.7163474845735223,0.1194307376305685,0.3004119021142289,0.08783386053983097,2,2,1
0600019,Fahri Korutürk Mahallesi,Mamak,13100,1182,398.8291309759289,50.25624510910005,0.00276001009189485,0.48774544344375886,0.2751321022406407,0.1782006749466232,0.12187539660507465,2,1,1
0600020,Şehit Cengiz Karaca Mahallesi,Sincan,4447,426,363.5367371831693,51.674298700854,0.0032641202968271,0.3986764042035462,0.1692101036002948,0.2708941445579607,0.2626990186928836,2,5,2
0600021,Fasıl Mahallesi,Etimesgut,26456,1917,446.7409201595877,37.29032085864029,0.00367456344243445,0.5745577343480436,0.2035456471687293,0.2929445975379923,0.1256512358109825,2,2,1
0600022,Altay Mahallesi,Altındağ,14857,992,477.8878758124397,37.31039105319426,0.004082123855882551,0.3393335239504448,0.1274170261920188,0.3245257014944852,0.21675438105315345,2,1,2
0600023,Ulubey Mahallesi,Gölbaşı,102,125,450.4291228803753,43.64546046796493,0.0031058063536231,0.24638563214938686,0.1383042484677773,0.1007563919137502,0.26302785908119014,2,4,2
0600024,Tohumlar Mahallesi,Çankaya,102,246,518.3135511550275,40.22981260563184,0.00329326438486885,0.0,0.1044191348923048,0.1782666804533294,0.02688752776614181,2,3,1
0600025,Zirvekent Mahallesi,Keçiören,29266,2385,522.6143315703399,43.03249667318814,0.0029860134273087,0.47692049251404645,0.055414280551425,0.1355335038700262,0.17226380577355843,2,1,1
0600026,Kamil Ocak Mahallesi,Yenimahalle,102,10,534.3138480482228,22.335098010365694,0.00308583180598635,0.0,0.1227538882520545,0.2469892238060121,0.26752910348559616,2,5,2
0600027,Ahi Mahallesi,Mamak,102,10,464.4369427377837,39.7797092986966,0.0033543237155697,0.7111379776541688,0.1085751487609877,0.1905492588185613,0.15294073094399444,2,2,1
0600028,Emniyet Mahallesi,Sincan,7235,484,457.3718381897464,32.63908738762881,0.0029585322906745,0.5648191278514733,0.1504645876265456,0.3233062139761985,0.22189325509664887,2,3,2
0600029,Metin Akkuş Mahallesi,Etimesgut,13131,1256,428.84672844627534,28.350457211217797,0.0036056542576261,0.6132783510139109,0.1050493722307849,0.1589553345075786,0.22297812758914343,2,4,2
0600030,Öveçler Mahallesi,Altındağ,102,10,339.57798540946754,35.55805886010355,0.00320295007344105,0.9026737477030947,0.0478031652673701,0.1811612741293731,0.15209816927427888,2,1,1
0600031,Güzelkent Mahallesi,Gölbaşı,19307,1232,432.6014902114807,42.19933070443868,0.0039692170450757,0.09259402714748552,0.0611876833266774,0.0991386464996606,0.1772537473328565,2,4,1
0600032,Sarıkoz Mahallesi,Çankaya,15579,1348,535.7108609448336,22.265904844777943,0.0032153632295169998,0.644720250515714,0.099502289866192,0.2568410663711679,0.09754278838612075,2,3,1
0600033,Örnek Mahallesi,Keçiören,19630,1428,482.555397848249,26.067416729081923,0.0031539127244745,0.7758405691311157,0.1791013283542363,0.1740460538619388,0.28751451927375987,2,1,2
0600034,Çayyolu Mahallesi,Yenimahalle,34990,3301,349.1964487311617,41.42946380582788,0.0031655815933757997,0.35352791797335137,0.1486697447481509,0.1043391777758387,0.15844185896934945,2,2,1
0600035,Kızılırmak Mahallesi,Mamak,9965,883,414.62797304336783,37.00830033290579,0.0032949454188945,0.7629912347038884,0.1459477017639128,0.0842165851062048,0.14359921554417812,2,1,1
0600036,Ege Mahallesi,Sincan,821,105,414.56716488337366,36.770439886088,0.0028173551397145,0.5295146167298572,0.0900803937523977,0.3367358595234834,0.21368127332538628,2,2,2
0600037,Kızılay Mahallesi,Etimesgut,4397,562,520.8913029897205,22.76495614250848,0.0037864159621181,0.8415752959975344,0.1814990420173767,0.3180063465934042,0.2261861493600358,2,2,2
0600038,Doğuş Mahallesi,Altındağ,6410,466,492.9036085963464,32.536041814521404,0.0031917585306801503,0.3578239813263798,0.1539900742029366,0.2356146694895967,0.21075544932985585,2,3,2
0600039,Kuruçay Mahallesi,Gölbaşı,37275,2636,450.32333204553385,50.81171875358488,0.0026343262804669,0.3474117522641453,0.183625984917051,0.174330935368294,0.2166754670167145,2,5,2
0600040,Karacaören Mahallesi,Çankaya,20998,1407,437.4592743010788,38.05760894890344,0.0026961364857008814,0.07680961740194354,0.0981835401580918,0.1815613843259534,0.18450025509328588,2,3,1
0600041,Melikşah Mahallesi,Keçiören,5324,748,315.1705042371484,42.214031916235456,0.00363238721613045,0.5553751625518477,0.0949258121511521,0.3434193540422223,0.15426478873012073,2,5,1
0600042,Kızılöz Mahallesi,Yenimahalle,3308,94,611.6082835557833,44.50965434440079,0.0035406853082809503,0.4174938323243414,0.0970715860871738,0.2199599967939543,0.2431776940878108,2,2,2
0600043,Tunahan Mahallesi,Mamak,102,10,431.2722894760245,33.677642384449086,0.003307671856093,0.5190664290393616,0.1309879222034898,0.2474848663700178,0.14983975335829383,2,3,1
0600044,Ata Mahallesi,Sincan,21925,1682,288.80610917727824,40.53169845544508,0.0032070141942906498,0.8427298016128032,0.1086742414376972,0.2311266776550301,0.17646481975638617,2,3,1
0600045,Berçinyayalar Mahallesi,Etimesgut,6252,617,459.3655594451956,37.85625923080431,0.0028022177387779,0.5147175872283783,0.0949422429437788,0.2944593742434314,0.32486177421858925,2,4,2
0600046,Yenice Mahallesi,Altındağ,7822,236,464.03219640656897,39.61102373045271,0.0034773241833385,0.41860555185296466,0.1447820775280956,0.3759958959446111,0.2467556963187388,2,3,2
0600047,Yeni Batı Mahallesi,Gölbaşı,25990,2552,513.1258877240355,42.48426714823683,0.0040971809320925,0.2299682311745128,0.1223403908282556,0.2794119434393137,0.07436840158860701,2,1,1
0600048,Ciğir Mahallesi,Çankaya,23093,2165,483.0272444343349,47.46458396683592,0.0035236859106949,0.08253449576163041,0.2216711209912584,0.2392553006823561,0.2498917388715348,2,5,2
0600049,Ahi Mesut Mahallesi,Keçiören,11625,696,516.0683301664513,36.954923714443865,0.0039420200289451,0.13173521405596278,0.1105277319879506,0.1703347684167817,0.24026351538196647,2,3,2
0600050,Mürsel Uluç Mahallesi,Yenimahalle,6363,319,392.0613143871713,35.67812549979497,0.00364319104574735,0.08179262050937608,0.1088232514687075,0.3565660954173419,0.08877929226127346,2,2,1
0600051,Hürel Mahallesi,Mamak,10068,881,494.05620046139205,28.28619933186848,0.0039868600321619,0.06829155184447755,0.1854359336758965,0.2685156738020458,0.23998331912486393,2,1,2
0600052,Tepebaşı Mahallesi,Sincan,12951,1220,353.08575123184744,44.54191338666751,0.00322699372741175,0.0,0.1524042473330691,0.1280567573464006,0.24910349976909166,2,3,2
0600053,Sirkeli Yeşilova Mahallesi,Etimesgut,19971,1779,513.208429162011,21.05333211218932,0.0036025789770589,0.4081015945443237,0.0983997171833813,0.2055183982273491,0.172867128693839,2,4,1
0600054,Saraç Mahallesi,Altındağ,24643,2356,409.3876306473391,35.24592280021851,0.0037711635448365,0.027589309989756186,0.1119296228357597,0.2237105219400812,0.23737220209426518,2,1,2
0600055,Yayla Mahallesi,Gölbaşı,9218,612,466.2976531936588,29.01197733302352,0.0036530481359909,0.3332003049661294,0.1100727342196908,0.3949584099307897,0.2225829214401136,2,2,2
0600056,Emek Mahallesi,Çankaya,4480,511,502.8177491850222,55.08093891731604,0.0025527699801986,0.0,0.2067000250407374,0.3674280355997847,0.1991751376269017,2,5,1
0600057,Koru Mahallesi,Keçiören,102,352,447.4461602903463,35.942589254300955,0.00319185068048295,0.4060354269362335,0.1750842522584394,0.2525999890310289,0.24957730825020902,2,4,2
0600058,Basınevleri Mahallesi,Yenimahalle,18909,1768,320.38150072226426,42.776349507889485,0.00341935340474595,0.6396147763520978,0.0384835046187055,0.2514734703351641,0.30208916993019946,2,3,2
0600059,Balgat Mahallesi,Mamak,29665,2425,537.8967727150889,36.24060861053192,0.0035387862258104497,0.0,0.2415811142329193,0.2223868235640163,0.23050204846510247,2,3,2
0600060,Ehlibeyt Mahallesi,Sincan,102,10,439.3410765736991,45.3469733711112,0.0034172427548554,0.7767497504473371,0.102948864966681,0.1771647431546542,0.3280592469493231,2,2,2
0600061,Satılar Mahallesi,Etimesgut,7963,1062,355.13325663172003,36.68508761903492,0.0032022837386656003,1.0746956570572828,0.1512120121312738,0.1623040381145982,0.08702657969897866,2,2,1
0600062,Gülveren Mahallesi,Altındağ,102,98,411.4793044838478,34.0775288381535,0.0027885332527981498,0.0,0.1527501468016687,0.2957700574086712,0.23693466022646173,2,2,2
0600063,Karşıyaka Mahallesi,Gölbaşı,10244,954,578.0917664467488,37.142965037810654,0.00320260610439545,0.28838869734158934,0.1829033787778426,0.4502537432724569,0.17181574432208663,2,3,1
0600064,Kızılcaşar Mahallesi,Çankaya,16461,1032,582.799337782906,42.91550636419397,0.0032844584687229,0.09108400041725025,0.046018335887648,0.1987134986769315,0.2407409769379792,2,5,2
0600065,Çardakbağı Mahallesi,Keçiören,13650,1185,406.92328517276985,46.124621616815766,0.00351920030645065,0.3607456021234935,0.1220226857355265,0.0956175814555978,0.17704938471923995,2,3,1
0600066,Doğuş Mahallesi,Yenimahalle,6410,466,492.9036085963464,32.536041814521404,0.0031917585306801503,0.3578239813263798,0.1539900742029366,0.2356146694895967,0.21075544932985585,2,3,2
0600067,Muhsin Ertuğrul Mahallesi,Mamak,29742,2633,450.6315914954051,41.638627154659744,0.0035155852200477998,0.3986995157779643,0.1111314257577046,0.163263193617615,0.32863983333522284,2,2,2
0600068,Kıbrısköy Mahallesi,Sincan,7612,555,420.9069355823431,28.67825754177999,0.00428984331774495,1.0108410157761814,0.1564593736665855,0.4227791408528799,0.08875248763150403,2,3,1
0600069,Demetgül Mahallesi,Etimesgut,30186,2604,490.5416057936033,47.54014569767101,0.00351003000343895,0.28842105434124665,0.1359662461566612,0.1803541906990595,0.14164837576986203,2,3,1
0600070,Tahtayazı Mahallesi,Altındağ,37448,2866,509.9385865943425,50.5086998817007,0.0025115547582488,0.019414196093022845,0.1491066709299457,0.2774057465225165,0.1433750174629371,2,3,1
0600071,Aksak Mahallesi,Gölbaşı,8928,654,516.9411054004253,58.45809527409169,0.0040313907308019495,0.1009114061313438,0.1720880324824739,0.2797733409892887,0.23548896621494173,2,3,2
0600072,Karahüyük Mahallesi,Çankaya,102,10,477.8054990711359,47.00975751846713,0.0039226412748363994,0.5415565781601585,0.1951045655794134,0.3520099523728914,0.3501797144591279,2,5,2
0600073,Yeşilöz Mahallesi,Keçiören,16765,903,433.3067266095869,41.20768312304406,0.0030366642606767,0.16584658247157424,0.1058111105567865,0.1740480888934445,0.35973263850969456,2,1,2
0600074,Kösrelikkızığı Mahallesi,Yenimahalle,22440,1804,409.8569245692176,32.97282655432995,0.00334984582750545,0.08830586984578238,0.1434489949029858,0.2428637361846665,0.2981006667231171,2,1,2
0600075,Çankaya Mahallesi,Mamak,8279,344,478.97394015608535,46.2101080526637,0.00322574157591395,0.4448199944082766,0.1087693874782619,0.2022696753110615,0.32750574214968553,2,5,2
0600076,Ertuğrulgazi Mahallesi,Sincan,30546,2438,432.5248902639543,12.992411728077666,0.003020879535515,0.2858692323906864,0.1721940115108717,0.0416628914698292,0.2129965732518286,2,2,2
0600077,Uğur Mumcu Mahallesi,Etimesgut,22273,1583,472.25614153485327,26.169493161912825,0.00335769712503395,0.9569556504074849,0.1094873781492809,0.1687342544817282,0.20471929494583266,2,1,2
0600078,Kılçak Mahallesi,Altındağ,15161,1039,434.49495288396486,37.973557380387525,0.0034048435158415503,0.5644852941002237,0.0387352048611612,0.2908428302760989,0.2131648408842014,2,2,2
0600079,Semer Mahallesi,Gölbaşı,13518,1453,507.6576074668368,32.194270632188875,0.0039056102063735002,0.0,0.2350067455199968,0.2511203973897105,0.23499640886291684,2,4,2
0600080,Beyazıt Mahallesi,Çankaya,9215,737,532.8746595887752,32.043142578441746,0.00363150114746535,1.2105386134216272,0.1323157120216496,0.3851351146921343,0.30169634371869963,2,4,2
0600081,Yukarı Bahçelievler Mahallesi,Keçiören,7800,542,427.18777911827135,50.55633027386987,0.0030207474684211,0.3103401641468115,0.1350796864038078,0.2667576066918218,0.14163259675593728,2,1,1
0600082,Yükseltepe Mahallesi,Yenimahalle,23662,1909,411.2777706998225,32.817231524596856,0.0032112009027674,0.32527795754064565,0.1485537557912565,0.2774180277102163,0.2285422191149731,2,1,2
0600083,Hilal Mahallesi,Mamak,8979,646,457.127402525124,22.406652204949957,0.00346953517129465,1.0680724343275836,0.2063954496626784,0.112305933976822,0.145756666550145,2,1,1
0600084,Akşemsettin Mahallesi,Sincan,31704,2990,448.15515359948216,27.305998410897026,0.0041725714733895,0.21196920571048172,0.1419819959477584,0.3203533632909923,0.13603422255781905,2,4,1
0600085,Tepecik Mahallesi,Etimesgut,29612,2302,362.87317034468015,28.09965537384941,0.0030620742696519,0.3436466814306868,0.1206517156453838,0.2048014471174339,0.22651970617975808,2,2,2
0600086,Mustafa Kemal Mahallesi,Altındağ,23913,2388,401.38682596688506,48.59673402947652,0.0030726985088288,0.18146356158554885,0.0599248501745961,0.3397489203835402,0.18974325857249927,2,3,1
0600087,Keklik Pınarı Mahallesi,Gölbaşı,21673,1752,412.3439003324427,41.74710559424435,0.0025749366846102998,0.18714717379782442,0.1016633540927775,0.30367289986215,0.23740856837275695,2,3,2
0600088,Serhat Mahallesi,Çankaya,31641,2555,453.1372085329455,32.0620962178519,0.002864951284022,0.3629533929406627,0.1757969608852049,0.1249963314490765,0.16909812355601841,2,5,1
0600089,Kafkas Mahallesi,Keçiören,102,158,493.6213857555581,60.20627739824596,0.0032278430231777,0.4901458032613455,0.1639510762885169,0.2142853108359577,0.2127036265717679,2,3,2
0600090,Yücetepe Mahallesi,Yenimahalle,5078,635,484.57057629365926,59.3534840310272,0.0038311053105753003,0.36451913842604333,0.1224509098230875,0.2900665272803369,0.14802802977907376,2,5,1
0600091,Güçlükaya Mahallesi,Mamak,748,10,443.08750028350295,38.82548841845571,0.0028210910052350498,0.2762050243909235,0.195528206118554,0.1800820704411923,0.20080125600426058,2,1,2
0600092,Fatih Sultan Mahallesi,Sincan,9945,823,467.70908820101215,34.97171078190338,0.0032917177779287496,0.0,0.1606904396970531,0.199167209581701,0.19851005097346078,2,3,1
0600093,Saray Fatih Mahallesi,Etimesgut,29380,2364,397.0171413574004,39.18374540826777,0.00327801806346635,0.3235138951812407,0.1143899020707328,0.3026905562232407,0.21500132862993226,2,1,2
0600094,Hasköy Mahallesi,Altındağ,26678,1909,446.9725287848735,38.55944013466501,0.003096605342519,0.3033409967166012,0.134031999623317,0.2075793905302047,0.15318976821458058,2,2,1
0600095,Dedeler Mahallesi,Gölbaşı,102,118,579.1433552367498,40.71705080467466,0.0027352386894398,0.09588405514878282,0.1905130022187666,0.3721450130861812,0.3157242597753424,2,4,2
0600096,Çavuşlu Mahallesi,Çankaya,7366,445,489.1131047767231,52.73513547681613,0.00339334891436465,0.37219595377458276,0.1309652688102453,0.2144941216246934,0.1066634246065747,2,3,1
0600097,Kızılkaya Mahallesi,Keçiören,18394,1879,427.5869360910755,47.4488171441504,0.003486083618490031,0.24768406552210023,0.1376488463181365,0.1629045271618926,0.2348567995785157,2,4,2
0600098,Atatürk Mahallesi,Yenimahalle,17111,1355,461.3185145540424,43.72609316118135,0.0031770526769553,0.5365995172775356,0.161029176886868,0.2561410360264577,0.11751928379218626,2,1,1
0600099,Kardelen Mahallesi,Mamak,10237,1091,456.73835452705896,40.59834058639575,0.0031455920804617,0.07211826139480945,0.1762132338821584,0.3600692938547165,0.26205652386354633,2,1,2
0600100,Kutuören Mahallesi,Sincan,4525,530,365.874005112274,41.56138173511697,0.00268704364315305,0.21145930026454454,0.1923059234647967,0.3028336748753049,0.1921141838741958,2,2,1
0600101,Ortaköy Mahallesi,Etimesgut,3687,618,386.7717762641505,22.46952919455625,0.0029580223482702497,1.725641774245474,0.0939616174651875,0.3811443106695277,0.26604675876342176,2,5,2
0600102,Hisar Mahallesi,Altındağ,26020,1939,462.5069189020774,32.51746440664544,0.0031679649310352503,0.5370334635585137,0.1467124869463506,0.1341588879667004,0.06841200081580906,2,2,1
0600103,Dumlupınar Mahallesi,Gölbaşı,23398,1774,415.9316793996379,29.17205204278452,0.00340761674170465,0.36457579963079073,0.1888986181733321,0.327112554726069,0.19978804526828997,2,3,1
0600104,İstasyon Mahallesi,Çankaya,21069,1897,459.5234722644757,52.92675164112256,0.00313716872144645,0.3894171141579789,0.1260253516300378,0.2933126055098071,0.2879355206852881,2,5,2
0600105,Oltan Mahallesi,Keçiören,102,10,456.5109520493729,31.02341393717244,0.00278369534946675,0.780678788621605,0.1188664116723808,0.1305448150232855,0.1908222803338182,2,1,1
0600106,Yukarıulucak Mahallesi,Yenimahalle,10597,1176,417.3357752097251,36.95982410092769,0.0029182304034659,0.3951546234808137,0.1353621040613772,0.2263449826033971,0.24370023058786536,2,3,2
0600107,Üniversiteler Mahallesi,Mamak,102,10,532.6327561934265,39.42792760623924,0.00325455064118165,0.49470752482779756,0.2697180950291225,0.2294245564314855,0.10371102408505505,2,1,1
0600108,100. Yıl Mahallesi,Sincan,29000,2506,318.3938620979652,39.34212415054318,0.0031296236191391998,0.44618374413875883,0.1154034338830679,0.2559607675061418,0.2628456164665166,2,1,2
0600109,Karaağaç Mahallesi,Etimesgut,102,37,344.065910815504,46.634036073049415,0.00333128781439545,0.566821588634522,0.1791772151505943,0.1934485945610121,0.2525900062389489,2,3,2
0600110,Sazak Mahallesi,Altındağ,102,10,381.9852346381896,21.56088568219736,0.0031804770899013,0.9751390220180961,0.1087417050127231,0.1564547787930825,0.19194608572934835,2,2,1
0600111,Eski Polatlı Mahallesi,Gölbaşı,21857,2088,455.6495376956556,23.75964407384784,0.0032084270847014,0.8077660543240534,0.1512813836201012,0.2488584657924353,0.1891515504852206,2,2,1
0600112,Tuğla Mahallesi,Çankaya,12041,957,520.0443372957169,39.32671141956638,0.00316964597148075,0.6695314110562384,0.1207852485159759,0.211554046943802,0.08794400853793373,2,5,1
0600113,Barıştepe Mahallesi,Keçiören,15996,1325,448.7051491753485,38.45703885664129,0.0035976499848588,0.0,0.1861806809588889,0.2692602543590854,0.3578814917850778,2,2,2
0600114,Uluağaç Mahallesi,Yenimahalle,25323,2379,390.67817215815546,29.88551136608597,0.0029484356481912,0.0,0.2269598600087453,0.2784270556472109,0.09190115681032801,2,4,1
0600115,Yıldırım Hacılar Mahallesi,Mamak,23328,2414,483.5952749012574,36.57106806404156,0.00338657677406365,0.6121731743371116,0.2357091733312168,0.2433925939718967,0.24742911449951385,2,4,2
0600116,Burç Mahallesi,Sincan,14443,1158,373.0501769413329,48.1163287820199,0.0033925061626209,0.12215896726785555,0.1429978574028881,0.1668958537597955,0.2313248944163223,2,2,2
0600117,Medrese Mahallesi,Etimesgut,3939,353,520.7672085788236,39.47168602239656,0.0028090591578971503,0.5188812738955042,0.0498330071495279,0.3449941721345599,0.23243016843586584,2,5,2
0600118,Harmancık Mahallesi,Altındağ,30848,2169,412.8598477248666,38.37604475037513,0.00374713212420675,0.22856536396826038,0.1515810986955124,0.2596507808714763,0.2639547153053754,2,4,2
0600119,Uzunlar Mahallesi,Gölbaşı,14964,1232,411.62320170953,45.658350315818936,0.0028553885942455,0.21432390841751695,0.1862758069387688,0.2530798788556218,0.05698596521970384,2,1,1
0600120,Kösrelikkızığı Mahallesi,Çankaya,22440,1804,409.8569245692176,32.97282655432995,0.00334984582750545,0.08830586984578238,0.1434489949029858,0.2428637361846665,0.2981006667231171,2,1,2
0600121,Örencik Mahallesi,Keçiören,19256,1598,490.6050552745655,28.348343166750496,0.0030447720400525,0.6814694746604477,0.0963161752216374,0.1404428980275153,0.3074190007926417,2,2,2
0600122,Yeşiltepe Mahallesi,Yenimahalle,17544,1362,412.8332304132525,51.12303424575962,0.0028398755222263,0.1342976306213308,0.1931201144379447,0.3394905867323369,0.20178651547493015,2,2,2
0600123,Oymiğde Mahallesi,Mamak,266,144,408.568493552906,38.301415791467065,0.00344652747764415,0.10177750392565911,0.1627365568690104,0.1632096978978928,0.1790772087134801,2,2,1
0600124,Şirintepe Mahallesi,Sincan,23539,1835,494.4650286735279,35.55039971351896,0.00317343578329555,0.41039222874632264,0.1351866278245559,0.1657054064682916,0.1366114838287746,2,3,1
0600125,Aliağa Mahallesi,Etimesgut,18194,1653,378.8653095809699,39.031529305301326,0.0026302963797202,0.4496455746849592,0.1243841344770452,0.327323540041649,0.16021711096791172,2,1,1
0600126,Kösrelikkızığı Mahallesi,Altındağ,22440,1804,409.8569245692176,32.97282655432995,0.00334984582750545,0.08830586984578238,0.1434489949029858,0.2428637361846665,0.2981006667231171,2,1,2
0600127,Ulubatlı Hasan Mahallesi,Gölbaşı,8428,749,469.22547273473134,52.69756244209219,0.00293093380616665,0.07449127703540782,0.1904928920818513,0.3389262925705574,0.3176627717055334,2,5,2
0600128,Fasıl Mahallesi,Çankaya,26456,1917,446.7409201595877,37.29032085864029,0.00367456344243445,0.5745577343480436,0.2035456471687293,0.2929445975379923,0.1256512358109825,2,2,1
0600129,Göktürk Mahallesi,Keçiören,31990,2772,341.4876554498289,47.644852891109714,0.00315629732380625,0.18501443554873678,0.2252772595952914,0.2170223403980423,0.2560824660406496,2,5,2
0600130,Meşeli Mahallesi,Yenimahalle,9737,696,530.338618721031,30.258236381047546,0.00284488752086445,0.5118650906901805,0.1744306548208228,0.3441226603030212,0.1658015553461751,2,2,1
0600131,Çiğdemtepe Mahallesi,Mamak,102,97,527.0812280321813,33.391031104339845,0.003220167757014,0.6106243205179732,0.1709766221953513,0.2136648353350787,0.15153326738079897,2,4,1
0600132,Dumlupınar Mahallesi,Sincan,27533,1889,415.676746817648,49.54832287421894,0.00317883049004115,0.1978305002301131,0.1818335076847916,0.0847757779967511,0.3289343678320112,2,5,2
0600133,Salın Mahallesi,Etimesgut,102,10,492.4137003057861,53.64409777394135,0.0033907719152928995,0.25620333339415685,0.0807740990287501,0.3107949585567862,0.24701493148023915,2,3,2
0600134,Yavuz Selim Mahallesi,Altındağ,2875,245,477.1692132757166,35.33316172369625,0.0030328934321010997,0.0,0.2272492397691183,0.0872600912391261,0.12609237134241186,2,2,1
0600135,Yazlıca Mahallesi,Gölbaşı,15888,1532,491.4981837834671,26.538535418235185,0.00309840942528785,1.2346335592518922,0.1527628049143338,0.236210003403707,0.2440983231693173,2,4,2
0600136,Kurtuluş Mahallesi,Çankaya,32933,2688,446.2507818857021,22.887689965203077,0.00346587371606055,0.460488227033404,0.1343217943514717,0.3539989897809707,0.25890640163562606,2,4,2
0600137,Cumhuriyet Mahallesi,Keçiören,10131,1033,366.23273313210507,46.86895992776321,0.00287180452155695,0.0,0.1681238229402651,0.3093570413223572,0.29004251511340656,2,2,2
0600138,Gökdere Mahallesi,Yenimahalle,16035,1385,335.1465983459667,50.455411596748434,0.00339926338749965,0.6024633568757412,0.2751321022406407,0.238281546341747,0.26168658571360126,2,3,2
0600139,Güçlükaya Mahallesi,Mamak,748,10,443.08750028350295,38.82548841845571,0.0028210910052350498,0.2762050243909235,0.195528206118554,0.1800820704411923,0.20080125600426058,2,1,2
0600140,Demirtaş Mahallesi,Sincan,1063,10,423.6768897226317,41.60719285774682,0.0031095100458754,0.023470215541744627,0.1983478322672408,0.2295793474670243,0.21597006572837582,2,2,2
0600141,Sokullu Mehmet Paşa Mahallesi,Etimesgut,32847,2658,494.6392404423275,30.29157887699477,0.0031516802969101497,0.8308944749066312,0.1650028412755644,0.22159026756076,0.22601391626676312,2,1,2
0600142,Kutludüğün Mahallesi,Altındağ,102,92,456.64861021772754,48.097250749608335,0.00367782140984295,0.4277225237538891,0.0989468500896572,0.3659056086670172,0.1820005597470919,2,3,1
0600143,Oymiğde Mahallesi,Gölbaşı,266,144,408.568493552906,38.301415791467065,0.00344652747764415,0.10177750392565911,0.1627365568690104,0.1632096978978928,0.1790772087134801,2,2,1
0600144,Aşağıkaraören Mahallesi,Çankaya,2792,168,372.7273397325212,31.36541036787552,0.00334954207679195,0.49435492453637775,0.1431314105800301,0.2447561914575196,0.32049601592592175,2,3,2
0600145,Evciler Mahallesi,Keçiören,13287,1291,410.3940955104492,37.86626628161252,0.00376352276833225,1.0034408686807859,0.079694190947013,0.2602341761899663,0.23933430954436513,2,2,2
0600146,Mutlukent Mahallesi,Yenimahalle,21398,1836,475.1764050431885,36.66401258666626,0.00266547226210975,0.3982581506812227,0.1288054978838823,0.2231804734505578,0.12013379778791532,2,5,1
0600147,Sancar Mahallesi,Mamak,34039,2786,412.2386960661848,38.8895172950938,0.00339717930244305,0.2005539435540865,0.120109580675732,0.3525315036003015,0.2346287709617249,2,1,2
0600148,Sazak Mahallesi,Sincan,102,10,381.9852346381896,21.56088568219736,0.0031804770899013,0.9751390220180961,0.1087417050127231,0.1564547787930825,0.19194608572934835,2,2,1
0600149,Kılıçlar Mahallesi,Etimesgut,102,10,456.73298044995215,44.940437228955936,0.00284437093054035,0.3700443666932499,0.1191181695302876,0.0730510470936394,0.29346605218816835,2,5,2
0600150,Kartaltepe Mahallesi,Altındağ,102,59,521.4501762692348,43.882493112827085,0.0031020811268229,0.5124492514749982,0.0727135106654633,0.1858276326792284,0.28337912408490096,2,5,2
0600151,Şenlik Mahallesi,Gölbaşı,901,40,454.47684796254737,40.81795949027957,0.00311793008768465,0.5021765828837577,0.1577518311797759,0.2473797383827201,0.16823148630063395,2,5,1
0600152,Namık Kemal Mahallesi,Çankaya,20881,1776,494.3668366218204,38.61524921081434,0.0032177051981287,0.126214023629948,0.1043594540351743,0.2778673391396901,0.1468608469945345,2,5,1
0600153,Çaykaya Mahallesi,Keçiören,16646,1421,457.2153808807153,39.95289085726853,0.0029150384050206,0.6592941166009995,0.0719790234761543,0.1924684408010219,0.19513861868333526,2,1,1
0600154,Kumpınar Mahallesi,Yenimahalle,102,108,426.18566935931534,38.263106194648,0.00353534325465545,0.48391484631416937,0.1548991576735447,0.2210589544930549,0.2178913197548577,2,5,2
0600155,Remzi Oğuz Arık Mahallesi,Mamak,102,10,508.3913199284335,42.78042365918535,0.00363340927796145,0.18273007274386116,0.1425284256994455,0.200131945576779,0.22140455681671184,2,2,2
0600156,Gazi Mustafa Kemalpaşa Mahallesi,Sincan,14512,1126,427.6674815627501,28.49155705598308,0.00361176644100145,0.3729881056845855,0.0960842466685386,0.1513951550007455,0.3128223360317181,2,3,2
0600157,Balcılar Mahallesi,Etimesgut,3914,498,485.366686221133,37.47614349376981,0.0035448034142789497,0.38985196118807625,0.1538792694743195,0.2341380226628542,0.2091847024680022,2,4,2
0600158,Çamlıca Mahallesi,Altındağ,10534,844,436.20550314162784,26.70452578475293,0.00314706241154245,0.3970470415362173,0.1550655141610626,0.4523942199401561,0.14108634186293365,2,1,1
0600159,Yücetepe Mahallesi,Gölbaşı,5078,635,484.57057629365926,59.3534840310272,0.0038311053105753003,0.36451913842604333,0.1224509098230875,0.2900665272803369,0.14802802977907376,2,5,1
0600160,Melikşah Mahallesi,Çankaya,5324,748,315.1705042371484,42.214031916235456,0.00363238721613045,0.5553751625518477,0.0949258121511521,0.3434193540422223,0.15426478873012073,2,5,1
0600161,Akkuzulu Mahallesi,Keçiören,19923,1661,437.9575566978605,34.80125347453,0.0035483570037748,0.41897974356320833,0.1199349767744133,0.146440531611359,0.15165424975482392,2,2,1
0600162,Gökler,Yenimahalle,28704,2308,293.2401636064809,42.62878081039776,0.0030788366729874,0.29796844556568025,0.0488842533402132,0.2485159356390688,0.10008767129398953,2,5,1
0600163,Mimar Sinan Mahallesi,Mamak,102,167,514.9328537870681,32.231776068435536,0.0029186133182133502,0.36110017036970626,0.1610738848837958,0.2724807400225445,0.07240448374286335,2,3,1
0600164,Balkiraz Mahallesi,Sincan,11787,1551,353.13468438793615,49.52552008734038,0.00339977960436,0.13854384849279192,0.0571049274300856,0.3445787223150652,0.2709901499169101,2,2,2
0600165,Özevler Mahallesi,Etimesgut,27289,2076,314.6389685526885,34.98500465014825,0.0024622015278329,0.47241900245051005,0.0939588817239806,0.3042340697071415,0.17157894208881408,2,5,1
0600166,Güvenevler Mahallesi,Altındağ,10389,677,515.0000860288518,36.51432831886834,0.0033669390638068498,0.5064731490992388,0.050223410977413,0.2394290728878762,0.16941900244288327,2,4,1
0600167,Yusufuşağı Mahallesi,Gölbaşı,2741,24,293.3017048746658,26.73438759266596,0.00383286978723145,0.8653517197670708,0.0909388776195808,0.2160321467182286,0.22497754135710957,2,5,2
0600168,Metin Akkuş Mahallesi,Çankaya,13131,1256,428.84672844627534,28.350457211217797,0.0036056542576261,0.6132783510139109,0.1050493722307849,0.1589553345075786,0.22297812758914343,2,4,2
0600169,Önder Mahallesi,Keçiören,17381,1521,323.0403727124244,36.11007242767433,0.00340873886240735,0.21557489588821466,0.1074314774843594,0.2139072913272801,0.23426997023462845,2,4,2
0600170,Ayyıldız Mahallesi,Yenimahalle,8708,655,601.7589950569469,43.47434293502017,0.00276440212376865,0.7869705922611879,0.0560037807430477,0.3368741357058238,0.26462969673526177,2,1,2
0600171,Akkuzulu Mahallesi,Mamak,19923,1661,437.9575566978605,34.80125347453,0.0035483570037748,0.41897974356320833,0.1199349767744133,0.146440531611359,0.15165424975482392,2,2,1
0600172,Gazi Mustafa Kemalpaşa Mahallesi,Sincan,14512,1126,427.6674815627501,28.49155705598308,0.00361176644100145,0.3729881056845855,0.0960842466685386,0.1513951550007455,0.3128223360317181,2,3,2
0600173,Gülveren Mahallesi,Etimesgut,24743,2146,387.43123169583913,36.08889721653965,0.0033875939437303503,0.6201316762188129,0.2414810100858043,0.4325321469231074,0.16375620688089806,2,2,1
0600174,Ciğir Mahallesi,Altındağ,23093,2165,483.0272444343349,47.46458396683592,0.0035236859106949,0.08253449576163041,0.2216711209912584,0.2392553006823561,0.2498917388715348,2,5,2
0600175,Birlik Mahallesi,Gölbaşı,16928,1449,532.3911368314186,15.82443852493506,0.0025292979894485,0.0,0.1785589703109604,0.1182508913365723,0.23745691838556102,2,3,2
0600176,Kızılkaya Mahallesi,Çankaya,18394,1879,427.5869360910755,47.4488171441504,0.003486083618490031,0.24768406552210023,0.1376488463181365,0.1629045271618926,0.2348567995785157,2,4,2
0600177,Kargın Mahallesi,Keçiören,29385,2231,506.8087345013944,19.33832201763641,0.003294963800787,1.0325335581661954,0.1947493718047403,0.1892261585797957,0.24101787472608033,2,3,2
0600178,Yenice Mahallesi,Yenimahalle,20675,1358,611.6082835557833,38.67120945042838,0.002678857195765,0.32769356367227226,0.135110192188802,0.2464859893635902,0.2665734491068581,2,1,2
0600179,Bahçekapı Mahallesi,Mamak,14962,1053,404.9808141625401,34.005306258974,0.00343351940935525,0.22853678070447137,0.1276878662890124,0.3048406191032163,0.31247111264777355,2,4,2
0600180,Beşikkaya Mahallesi,Sincan,102,104,398.6166778801073,54.27547601707823,0.00297367129786445,0.03618241115430772,0.2153571377141214,0.2240407233736885,0.18858623695914103,2,4,1
0600181,Boyalık Mahallesi,Etimesgut,16408,1214,509.0486063300043,42.25920903977831,0.0036106227401905997,0.2080481867276906,0.1805185132716732,0.3522131916630739,0.16532824525319945,2,4,1
0600182,Akkuzulu Mahallesi,Altındağ,19923,1661,437.9575566978605,34.80125347453,0.0035483570037748,0.41897974356320833,0.1199349767744133,0.146440531611359,0.15165424975482392,2,2,1
0600183,Yıldızevler Mahallesi,Gölbaşı,22544,2300,431.2296047092784,32.70723671668999,0.0028937358221731,0.20767053849104103,0.0879822873924514,0.1995980016372884,0.2451369168013436,2,1,2
0600184,Yeni Mahalle,Çankaya,1251,10,498.4239634177216,43.624475611530166,0.0029808608114860998,0.0,0.1935762193043967,0.1448290083366395,0.09411351250870426,2,5,1
0600185,Timurhan Mahallesi,Keçiören,28036,2273,432.26083104533456,23.12743063974772,0.0038762129033325,1.1605048385828776,0.1703311017111337,0.2449141168651102,0.11350904816599312,2,3,1
0600186,Yeniçimşit Mahallesi,Yenimahalle,12031,522,419.5639700985613,42.52550774504293,0.0025118168060823,0.3676005365341711,0.1263361923910878,0.1911941613098113,0.30152086613303136,2,1,2
0600187,Yeniçimşit Mahallesi,Mamak,12031,522,419.5639700985613,42.52550774504293,0.0025118168060823,0.3676005365341711,0.1263361923910878,0.1911941613098113,0.30152086613303136,2,1,2
0600188,Karşıyaka Mahallesi,Sincan,7908,500,440.4042932628656,38.83912688996487,0.003403757223098,0.4016152272661945,0.1564861524341686,0.3117783946786633,0.1748560888243579,2,3,1
0600189,İstiklal Mahallesi,Etimesgut,222,10,486.6518782212029,32.872204682132995,0.0031807210076369,0.0,0.1807983503023419,0.2990539201513254,0.22424380939364905,2,3,2
0600190,Ön Cebeci Mahallesi,Altındağ,9820,892,488.2680344943112,37.99044320656128,0.0032135272657930498,0.2308257937033526,0.0761966454114139,0.3445512874367969,0.22999875799275835,2,5,2
0600191,Orhun Mahallesi,Gölbaşı,11836,1004,423.1140841467085,30.339091794998087,0.00263735318615305,0.22336320547480715,0.1733215643706158,0.3549667532885781,0.25744697684237616,2,3,2
0600192,İvedikköy Mahallesi,Çankaya,16378,1129,478.43341958913607,33.74248769350856,0.00336874697933755,0.17269920487360688,0.1389443452355749,0.3230867700986599,0.15256830927397516,2,4,1
0600193,Belpınar Mahallesi,Keçiören,10923,957,433.49067160851246,41.48299255078863,0.00342059904809775,0.258927145653627,0.163438789457432,0.2649685680100073,0.22442200420475353,2,5,2
0600194,Bostancık Mahallesi,Yenimahalle,27166,2173,480.2656589598193,50.864991578078254,0.00272972132508545,0.13496579845119816,0.1071613953086603,0.1538280379139129,0.17714045308109722,2,1,1
0600195,Hürriyet Mahallesi,Mamak,17820,1221,442.09941692723936,31.81931986564797,0.00380544533538055,0.7008067228131115,0.137354161364034,0.1696920218375291,0.251335408275391,2,1,2
0600196,Yukarıulucak Mahallesi,Sincan,10597,1176,417.3357752097251,36.95982410092769,0.0029182304034659,0.3951546234808137,0.1353621040613772,0.2263449826033971,0.24370023058786536,2,3,2
0600197,Hasanoğlan Havuzbaşı Mahallesi,Etimesgut,6051,271,467.5003343232515,46.70016970418048,0.003385618121678,0.5450714360398038,0.1258863894899241,0.1371658236940616,0.2664750255494933,2,1,2
0600198,Güzelyaka Mahallesi,Altındağ,14798,1129,405.71552340161134,51.84711832810461,0.0026727911213380497,0.4919851984847573,0.128197325617506,0.3448563323730397,0.24435288463310348,2,5,2
0600199,Yapracık Mahallesi,Gölbaşı,6343,368,408.2731568316375,35.481405642010074,0.0030175675286242,0.38375714295060864,0.2398332600837508,0.2977658048809087,0.13247206869875947,2,1,1
0600200,Emniyet Mahallesi,Çankaya,7235,484,457.3718381897464,32.63908738762881,0.0029585322906745,0.5648191278514733,0.1504645876265456,0.3233062139761985,0.22189325509664887,2,3,2
0600201,Yakacık Mahallesi,Keçiören,5475,325,431.2488505839436,35.28955635811713,0.0029065617574122998,0.5786788847117661,0.1457545583752083,0.2900733750099504,0.14205341873864732,2,1,1
0600202,Süleymanlı Mahallesi,Yenimahalle,24670,2195,545.221375557684,42.557835072698765,0.0037430705490185184,0.3214117500705387,0.202124580866971,0.232426248972999,0.2225338880621583,2,2,2
0600203,Güneyce Mahallesi,Mamak,24617,1687,466.8442862104332,31.64668841683592,0.0036512746345789496,0.9495603230621479,0.1421289333113294,0.2608939739798263,0.2435219513111559,2,4,2
0600204,Kanuni Sultan Süleyman Mahallesi,Sincan,102,10,546.7976502343993,34.54026546747555,0.00333590396426675,0.7315645974505659,0.0633008235291323,0.3066571538605245,0.21506293271518911,2,1,2
0600205,Gümüşdere Mahallesi,Etimesgut,32425,2698,526.0288722924901,39.94052877166732,0.0042040221918312505,0.5862161706277003,0.2184315778766174,0.334673958947967,0.09494800896868616,2,3,1
0600206,Örencik Mahallesi,Altındağ,19256,1598,490.6050552745655,28.348343166750496,0.0030447720400525,0.6814694746604477,0.0963161752216374,0.1404428980275153,0.3074190007926417,2,2,2
0600207,Bayır Mahallesi,Gölbaşı,25521,2079,438.1568263859575,35.00703578348641,0.0032150679240363503,0.0,0.1690858925420017,0.2448069813803983,0.2518035404266426,2,3,2
0600208,Baraj Mahallesi,Çankaya,22229,1650,539.597256896273,25.73173988541633,0.0039443281799024996,0.3366784219275606,0.12482621729419,0.1259469255147093,0.20513434738080338,2,5,2
0600209,Barbaros Mahallesi,Keçiören,31405,2552,467.6926772739421,51.75092223746511,0.0028865261383909,0.18957014542767053,0.2078003334725563,0.1579180232433813,0.14283655367452075,2,4,1
0600210,Feridun Çelik Mahallesi,Yenimahalle,102,248,533.3200531507835,30.902331018414163,0.0037086779106227496,0.7209504530162483,0.089157255382038,0.3087600851904036,0.14344381510372625,2,1,1
0600211,Yusufuşağı Mahallesi,Mamak,2741,24,293.3017048746658,26.73438759266596,0.00383286978723145,0.8653517197670708,0.0909388776195808,0.2160321467182286,0.22497754135710957,2,5,2
0600212,Sığırlıhacı Mahallesi,Sincan,35901,3043,418.1642626214665,44.765790453911286,0.00284320839731175,0.21850381913692848,0.1437784607928094,0.1942108617667063,0.2696304649573473,2,4,2
0600213,Hasköy Mahallesi,Etimesgut,26678,1909,446.9725287848735,38.55944013466501,0.003096605342519,0.3033409967166012,0.134031999623317,0.2075793905302047,0.15318976821458058,2,2,1
0600214,Kazım Özalp Mahallesi,Altındağ,5070,545,455.8083112403834,25.69584496872624,0.00305342172093255,0.3371311157426692,0.1848083998579644,0.2451118468998907,0.16771090249282264,2,1,1
0600215,Gülveren Mahallesi,Gölbaşı,102,98,411.4793044838478,34.0775288381535,0.0027885332527981498,0.0,0.1527501468016687,0.2957700574086712,0.23693466022646173,2,2,2
0600216,Balkiraz Mahallesi,Çankaya,11787,1551,353.13468438793615,49.52552008734038,0.00339977960436,0.13854384849279192,0.0571049274300856,0.3445787223150652,0.2709901499169101,2,2,2
0600217,Burç Mahallesi,Keçiören,14443,1158,373.0501769413329,48.1163287820199,0.0033925061626209,0.12215896726785555,0.1429978574028881,0.1668958537597955,0.2313248944163223,2,2,2
0600218,Ön Cebeci Mahallesi,Yenimahalle,9820,892,488.2680344943112,37.99044320656128,0.0032135272657930498,0.2308257937033526,0.0761966454114139,0.3445512874367969,0.22999875799275835,2,5,2
0600219,General Zeki Doğan Mahallesi,Mamak,24977,2111,342.36185612471195,48.181147632530894,0.0036439000928609995,0.1423309608857083,0.190195966544036,0.2440821709124497,0.1964373640591524,2,4,1
0600220,Bahçekapı Mahallesi,Sincan,14962,1053,404.9808141625401,34.005306258974,0.00343351940935525,0.22853678070447137,0.1276878662890124,0.3048406191032163,0.31247111264777355,2,4,2
0600221,Aşağı İmrahor Mahallesi,Etimesgut,10766,1173,512.5104366533444,25.78627136155449,0.00281096564128745,0.33599301218598954,0.1867860655509444,0.2281724362927895,0.25950155747884185,2,1,2
0600222,Kültür Mahallesi,Altındağ,10074,753,487.2726562218091,47.76017286482367,0.00306764478345015,0.0,0.1804452678127316,0.190236854344058,0.20362821158289135,2,1,2
0600223,Birlik Mahallesi,Gölbaşı,16928,1449,532.3911368314186,15.82443852493506,0.0025292979894485,0.0,0.1785589703109604,0.1182508913365723,0.23745691838556102,2,3,2
0600224,Kavacık Subayevleri Mahallesi,Çankaya,102,10,438.0788678550675,46.22625220845339,0.0036441129581288997,0.02117466352371282,0.147222615055169,0.2495040688260902,0.22530809542326025,2,2,2
0600225,Karargahtepe Mahallesi,Keçiören,19360,1556,476.9664617148636,33.4470949759344,0.00323272813802015,0.49351041101946697,0.1294061516938766,0.2245217191479728,0.18176086162969948,2,5,1
0600226,Akdere Mahallesi,Yenimahalle,26223,2087,455.57689883255097,27.95773983579924,0.004148252893145949,0.8633270463012291,0.0831637280562034,0.2136361825005244,0.1878152073706673,2,2,1
0600227,Demirlibahçe Mahallesi,Mamak,30642,2206,370.114572690284,33.532981391464375,0.0030245101357407,0.49228300931474,0.1545594136921891,0.2050443001843918,0.2621831168022965,2,5,2
0600228,Yassıören Mahallesi,Sincan,102,641,518.5470185877672,41.44634380813025,0.0033076650185603,0.494742258483465,0.1544790340627624,0.3432644815366708,0.18867136472498092,2,2,1
0600229,Hacılar Mahallesi,Etimesgut,885,10,560.363957477789,62.542380856037525,0.00318811017840415,0.29901303262536943,0.1376329806487421,0.1201801275741988,0.1434378823478774,2,5,1
0600230,Kılıçlar Mahallesi,Altındağ,102,10,456.73298044995215,44.940437228955936,0.00284437093054035,0.3700443666932499,0.1191181695302876,0.0730510470936394,0.29346605218816835,2,5,2
0600231,Yakacık Mahallesi,Gölbaşı,5475,325,431.2488505839436,35.28955635811713,0.0029065617574122998,0.5786788847117661,0.1457545583752083,0.2900733750099504,0.14205341873864732,2,1,1
0600232,Kapaklı Mahallesi,Çankaya,25831,2018,517.4515604129327,46.67755980726321,0.0035646543422387,0.18876805013474995,0.1529106363542528,0.4085219413666136,0.17419800474858108,2,5,1
0600233,Demirci Mahallesi,Keçiören,13292,1021,493.5176454583482,44.721585903308856,0.0028785434700237,0.5467876825810357,0.1383355719126803,0.2817093565173881,0.21123579040863086,2,2,2
0600234,Burç Mahallesi,Yenimahalle,14443,1158,373.0501769413329,48.1163287820199,0.0033925061626209,0.12215896726785555,0.1429978574028881,0.1668958537597955,0.2313248944163223,2,2,2
0600235,Halitcevriaslangil Mahallesi,Mamak,24234,2037,396.4919164874268,45.48500945492728,0.002518806124354531,0.15058617997673698,0.1503010567908345,0.2151938206738947,0.1822059440883563,2,1,1
0600236,Esenboğa Mahallesi,Sincan,18515,1840,385.1505974346409,35.53797314334761,0.0029872414361947503,0.0,0.1002457516056078,0.2857801724393801,0.20051873337759218,2,5,2
0600237,Topçu Mahallesi,Etimesgut,2659,422,384.8894253692865,26.10382599907132,0.0034291686525551503,0.0,0.1507166029922078,0.2639854215047022,0.21092870586812165,2,2,2
0600238,Aydınlar Mahallesi,Altındağ,8937,529,484.5956122218204,31.155343959124117,0.00321530426507455,0.46648544699344546,0.1868756446811425,0.3362826836850358,0.18123744983883958,2,4,1
0600239,Gençali Mahallesi,Gölbaşı,102,10,584.7062266898913,24.348110717721383,0.00237971357807585,1.0257174702106246,0.1841606202000534,0.2302931775056121,0.0622212554244998,2,2,1
0600240,Bağlıca Mahallesi,Çankaya,11829,1157,399.3250388673116,53.97908616685394,0.00363534316853785,0.41834089293878357,0.1945123750418254,0.1559524315500118,0.1470272885107207,2,1,1
0600241,Öveçler Mahallesi,Keçiören,102,10,339.57798540946754,35.55805886010355,0.00320295007344105,0.9026737477030947,0.0478031652673701,0.1811612741293731,0.15209816927427888,2,1,1
0600242,Saray Fatih Mahallesi,Yenimahalle,29380,2364,397.0171413574004,39.18374540826777,0.00327801806346635,0.3235138951812407,0.1143899020707328,0.3026905562232407,0.21500132862993226,2,1,2
0600243,Altıntaş Mahallesi,Mamak,10213,1054,397.8822458145411,31.90289958871948,0.0032526541061596,0.3343170400632797,0.2270986173919316,0.3284919772456282,0.1776681543700231,2,5,1
0600244,Yakuphasan Mahallesi,Sincan,14835,1060,458.8506114149209,28.085101200315812,0.0037106179882782997,0.4469642347284954,0.1587265704172242,0.2874521583747403,0.21651143636579423,2,1,2
0600245,Bahçeleriçi Mahallesi,Etimesgut,346,10,385.6707051911672,42.61754259356046,0.00302976662778545,0.298045218208127,0.1240012455796239,0.2558144419463473,0.17618696338290055,2,2,1
0600246,Hacıbektaşlı Mahallesi,Altındağ,26457,2123,527.7877404689863,22.313364491273624,0.0038189045657751,0.7291954795440715,0.1481811688170247,0.1759932303617092,0.17385282593254964,2,5,1
0600247,Kale Mahallesi,Gölbaşı,17587,1623,508.5789063285169,28.522075748352087,0.0033343807496810504,0.4064754830347536,0.1476100374807605,0.1775343856461725,0.1520633213283812,2,1,1
0600248,İşçi Blokları Mahallesi,Çankaya,9308,492,394.8721514306676,31.258627836864186,0.0039093943712293,0.8369853837721273,0.1336668620774906,0.2055644165707998,0.20231850425358794,2,2,2
0600249,Gazi Osmanpaşa Mahallesi,Keçiören,16231,1329,456.425492035913,31.952983380826232,0.0029613415353814503,0.7586566506311021,0.1035244569903794,0.183718765109,0.1610340959286997,2,5,1
0600250,Aşağıemirler Mahallesi,Yenimahalle,20877,1641,468.03893319621216,39.409394117981165,0.0030811665786733,0.4701876980517626,0.1979635413042603,0.3460329238730719,0.31051009375170197,2,1,2
0600251,Alsancak Mahallesi,Mamak,22137,1888,567.6347411795839,50.02063388656478,0.0029226202897609,0.47039791887650184,0.0995972261444025,0.2203593521127976,0.1162443087435279,2,2,1
0600252,Sazak Mahallesi,Sincan,102,10,381.9852346381896,21.56088568219736,0.0031804770899013,0.9751390220180961,0.1087417050127231,0.1564547787930825,0.19194608572934835,2,2,1
0600253,Hasanoğlan Havuzbaşı Mahallesi,Etimesgut,6051,271,467.5003343232515,46.70016970418048,0.003385618121678,0.5450714360398038,0.1258863894899241,0.1371658236940616,0.2664750255494933,2,1,2
0600254,Fatih Mahallesi,Altındağ,12555,905,393.5748989804301,28.633296456023825,0.00318367133961195,0.20247494263434626,0.142422227249501,0.395067516158622,0.16135684089954574,2,4,1
0600255,Soğucak Mahallesi,Gölbaşı,24404,2116,498.45456146691095,44.2790646329554,0.0031976102373627,0.4858757613112832,0.1854151923600532,0.2478782992600752,0.14782295853096855,2,2,1
0600256,Karşıyaka Mahallesi,Çankaya,10244,954,578.0917664467488,37.142965037810654,0.00320260610439545,0.28838869734158934,0.1829033787778426,0.4502537432724569,0.17181574432208663,2,3,1
0600257,Solfasol Mahallesi,Keçiören,102,68,451.0833512372257,43.976397758101456,0.00284021179362005,0.24457272143406827,0.1908003424387211,0.174086678334013,0.30636600083430815,2,1,2
0600258,Avdan Mahallesi,Yenimahalle,102,10,452.1022027990925,41.70652005062212,0.00313872757994275,0.5619750794855594,0.1477329163269968,0.1540636539923485,0.22799608486361916,2,1,2
0600259,Osmanlı Mahallesi,Mamak,102,10,469.4607138810574,40.74204481966189,0.00342206293674695,0.21560994529335326,0.0710192246297061,0.1531062456575375,0.24506507637971142,2,1,2
0600260,Şefkat Mahallesi,Sincan,10184,631,420.822667652814,27.704158413699588,0.00374999717122195,0.5922486824029802,0.1389515200233388,0.2075599081911578,0.16627816008912577,2,3,1
0600261,Akçaali Mahallesi,Etimesgut,102,199,504.0003256251519,24.55175997865439,0.0029573867746761,0.0,0.1798860233456304,0.2064493820379853,0.20768863215950484,2,1,2
0600262,Peçenek Mahallesi,Altındağ,26190,1738,381.8286910150276,41.94180400044127,0.0025621512441138,0.20958597826741315,0.148591586492383,0.3600477571443367,0.17663305269650625,2,4,1
0600263,Şahinler,Gölbaşı,19740,1724,486.6590699012669,28.909886445355056,0.0032714575625858,0.5349401787008378,0.1344266402550399,0.3666746162741422,0.20590697473069744,2,1,2
0600264,Harbiye Mahallesi,Çankaya,7038,755,397.38558982995215,50.48115358450249,0.0029106736940775497,0.25251959396483736,0.1666234041879435,0.2197318493920186,0.2097626787361419,2,4,2
0600265,Medrese Mahallesi,Keçiören,3939,353,520.7672085788236,39.47168602239656,0.0028090591578971503,0.5188812738955042,0.0498330071495279,0.3449941721345599,0.23243016843586584,2,5,2
0600266,Hasanoğlan Fatih Mahallesi,Yenimahalle,6611,444,444.1227640281608,55.11488488857511,0.0031992262364882503,0.44551459117561076,0.1725306524715694,0.2923019742687108,0.1939525503595173,2,1,1
0600267,Oğlakçı Mahallesi,Mamak,22658,1877,389.2511173974845,43.71955564305434,0.00351992939735015,0.4695932170618881,0.153239567506169,0.269639894543545,0.1856122135576887,2,3,1
0600268,Güzelyurt Mahallesi,Sincan,14003,885,477.51600217513993,45.19198381499624,0.0036601427933713997,0.41132678076994916,0.0669519533242004,0.3154787787710831,0.20907101355103377,2,1,2
0600269,Maltepe Mahallesi,Etimesgut,31295,2690,423.6102022619429,21.307117349089555,0.0032961003124357497,0.1793149664926677,0.0522152546339502,0.2328745841817711,0.2238781454755881,2,3,2
0600270,19 Mayıs Mahallesi,Altındağ,14041,1691,442.11972526277583,39.741297517204,0.0038431095593994,0.4663572629707433,0.0930122785921646,0.2647106681524126,0.20703575518755576,2,1,2
0600271,Yukarıyurtçu Mahallesi,Gölbaşı,102,243,449.5394754131391,47.01986220306431,0.0035056303109351,0.24989659381476192,0.0303695925901368,0.3669803683227783,0.18348562885146424,2,1,1
0600272,Tunahan Mahallesi,Çankaya,102,10,431.2722894760245,33.677642384449086,0.003307671856093,0.5190664290393616,0.1309879222034898,0.2474848663700178,0.14983975335829383,2,3,1
0600273,Emniyet Mahallesi,Keçiören,7235,484,457.3718381897464,32.63908738762881,0.0029585322906745,0.5648191278514733,0.1504645876265456,0.3233062139761985,0.22189325509664887,2,3,2
0600274,Güçlükaya Mahallesi,Yenimahalle,748,10,443.08750028350295,38.82548841845571,0.0028210910052350498,0.2762050243909235,0.195528206118554,0.1800820704411923,0.20080125600426058,2,1,2
0600275,Saracalar Mahallesi,Mamak,10249,852,478.7571329815438,31.666936186174883,0.0032723203317786,0.6122398466148254,0.1862414686742916,0.2792610424605709,0.2711427542349888,2,5,2
0600276,Sarıayak Mahallesi,Sincan,9806,1011,596.0843576383002,41.146997277658784,0.0036789123075302997,0.6168885491109954,0.1126460960349179,0.1998626220328027,0.2530023263846803,2,3,2
0600277,Cumhuriyet Mahallesi,Etimesgut,13002,1018,311.4209737781205,54.51386015506912,0.0036330599935268,0.09006759728171122,0.1017392961624726,0.2775947074018089,0.20361532898800597,2,5,2
0600278,Yiğitli Mahallesi,Altındağ,21206,1701,497.3837638152113,46.80054746962024,0.0039903421771850505,0.6066876120703644,0.1516092543518419,0.2252747010609392,0.22541085155113857,2,2,2
0600279,Dağkalfat Mahallesi,Gölbaşı,102,186,339.4275295367427,45.37621508997519,0.00352843296441505,0.0,0.1579830282773962,0.2048489521035421,0.1248167892984999,2,5,1
0600280,Şefkat Mahallesi,Çankaya,10184,631,420.822667652814,27.704158413699588,0.00374999717122195,0.5922486824029802,0.1389515200233388,0.2075599081911578,0.16627816008912577,2,3,1
0600281,Kazım Karabekir Mahallesi,Keçiören,9114,627,561.3855469856526,36.55250243767635,0.0038143508345926504,0.9586578167392986,0.2256504633001994,0.2865824323692193,0.28878608602545003,2,2,2
0600282,Aliağa Mahallesi,Yenimahalle,18194,1653,378.8653095809699,39.031529305301326,0.0026302963797202,0.4496455746849592,0.1243841344770452,0.327323540041649,0.16021711096791172,2,1,1
0600283,Yıldırım Mahallesi,Mamak,359,274,431.2507251682852,53.84861090016823,0.0037386984935968,0.4375680551633877,0.175089558388882,0.3399946036242592,0.09591084997497318,2,2,1
0600284,Salın Mahallesi,Sincan,102,10,492.4137003057861,53.64409777394135,0.0033907719152928995,0.25620333339415685,0.0807740990287501,0.3107949585567862,0.24701493148023915,2,3,2
0600285,Çandır Mahallesi,Etimesgut,28289,2660,430.0600712301661,34.699694152659085,0.0030915781107221504,0.2521030001409588,0.0473141102190467,0.370755924032212,0.10663192479854405,2,5,1
0600286,Beytepe Mahallesi,Altındağ,1729,10,316.86365949815547,35.895603966319456,0.0033719433704834,0.0,0.2003365035613532,0.2530033473189457,0.26683586194620107,2,3,2
0600287,Kalaba Mahallesi,Gölbaşı,33068,2842,562.0483566771012,27.472763282009936,0.00377110528484805,0.42145540568526446,0.0690221985616297,0.2187261552380208,0.21560062928714377,2,3,2
0600288,Sığırlıhacı Mahallesi,Çankaya,35901,3043,418.1642626214665,44.765790453911286,0.00284320839731175,0.21850381913692848,0.1437784607928094,0.1942108617667063,0.2696304649573473,2,4,2
0600289,Yunus Emre Mahallesi,Keçiören,25202,2047,611.6082835557833,61.60515292934009,0.00317805348205525,0.5111400340498666,0.0606812267322656,0.2897498872406078,0.26550721873552613,2,1,2
0600290,Yeniçimşit Mahallesi,Yenimahalle,12031,522,419.5639700985613,42.52550774504293,0.0025118168060823,0.3676005365341711,0.1263361923910878,0.1911941613098113,0.30152086613303136,2,1,2
0600291,Yeni Bağlıca Mahallesi,Mamak,47057,4003,457.4290900724948,46.27368089323812,0.00375567171183015,0.2538410331765903,0.2048610095803219,0.2226952123032121,0.23323297989140823,2,5,2
0600292,Gümüşyayla Mahallesi,Sincan,102,10,452.1077864647871,47.20508452680578,0.00363038974517585,0.0,0.086550871137275,0.2362003172482035,0.14448978518259029,2,5,1
0600293,Aşağıkaraören Mahallesi,Etimesgut,2792,168,372.7273397325212,31.36541036787552,0.00334954207679195,0.49435492453637775,0.1431314105800301,0.2447561914575196,0.32049601592592175,2,3,2
0600294,Gökçeyurt Mahallesi,Altındağ,15733,1186,417.015207123175,42.04894834089849,0.0034760122515778502,0.1858349694549827,0.0960096916153418,0.2351921880463025,0.2740913910152792,2,2,2
0600295,Kızılca Mahallesi,Gölbaşı,14281,1175,423.0016421300216,41.39377218791342,0.0029321731861457,0.28306044451079143,0.2096655502963563,0.1882607348322574,0.17097290063688403,2,2,1
0600296,Yapracık Mahallesi,Çankaya,6343,368,408.2731568316375,35.481405642010074,0.0030175675286242,0.38375714295060864,0.2398332600837508,0.2977658048809087,0.13247206869875947,2,1,1
0600297,Karşıyaka Mahallesi,Keçiören,11399,1180,607.8430482614599,34.154129970527244,0.00338868035863765,0.9387232745531396,0.132035395460647,0.3156385744957891,0.23158862407576997,2,2,2
0600298,İstiklal Mahallesi,Yenimahalle,222,10,486.6518782212029,32.872204682132995,0.0031807210076369,0.0,0.1807983503023419,0.2990539201513254,0.22424380939364905,2,3,2
0600299,Üyücek Mahallesi,Mamak,21414,1691,419.6460203740691,48.089750439711885,0.0030093748039155,0.08148340466534823,0.1229934703746012,0.1684955841927429,0.1518744551097685,2,4,1
0600300,Malazgirt Mahallesi,Sincan,1633,50,481.45643336857086,31.562070926487102,0.0037038234170536,0.5527903934807226,0.118685428890619,0.2660811984566922,0.17551031808052955,2,2,1
0600301,Gazi Mahallesi,Etimesgut,20887,1727,454.6748920619452,33.56836987186324,0.0034810916799432002,0.2603536132412627,0.1794455558787712,0.26840444892364,0.20844538056486495,2,2,2
0600302,Mimar Sinan Mahallesi,Altındağ,102,167,514.9328537870681,32.231776068435536,0.0029186133182133502,0.36110017036970626,0.1610738848837958,0.2724807400225445,0.07240448374286335,2,3,1
0600303,Bulak Mahallesi,Gölbaşı,102,326,408.3864398897252,38.005447372445765,0.0031717514543479,0.4871114492952075,0.0478253248757439,0.2341541095880512,0.2794277116836743,2,3,2
0600304,Beşikkaya Mahallesi,Çankaya,102,104,398.6166778801073,54.27547601707823,0.00297367129786445,0.03618241115430772,0.2153571377141214,0.2240407233736885,0.18858623695914103,2,4,1
0600305,Karacaören Mahallesi,Keçiören,20998,1407,437.4592743010788,38.05760894890344,0.0026961364857008814,0.07680961740194354,0.0981835401580918,0.1815613843259534,0.18450025509328588,2,3,1
0600306,Kazım Özalp Mahallesi,Yenimahalle,5070,545,455.8083112403834,25.69584496872624,0.00305342172093255,0.3371311157426692,0.1848083998579644,0.2451118468998907,0.16771090249282264,2,1,1
0600307,Yakupabdal Mahallesi,Mamak,27399,1991,503.279981133894,47.30076086542194,0.00360532726284655,0.2691468988702117,0.1542364969250069,0.2965602683542893,0.21296602417041052,2,5,2
0600308,Sirkeli Yeşilyurt Mahallesi,Sincan,5397,223,427.1814297520386,35.360542612096346,0.00287050126403685,0.49504211727609915,0.2037264895114965,0.3628553856336716,0.18232443804806361,2,4,1
0600309,Şefkat Mahallesi,Etimesgut,10184,631,420.822667652814,27.704158413699588,0.00374999717122195,0.5922486824029802,0.1389515200233388,0.2075599081911578,0.16627816008912577,2,3,1
0600310,Tohumlar Mahallesi,Altındağ,102,246,518.3135511550275,40.22981260563184,0.00329326438486885,0.0,0.1044191348923048,0.1782666804533294,0.02688752776614181,2,3,1
0600311,Malazgirt Mahallesi,Gölbaşı,2846,10,485.4692266201402,52.5708902045448,0.00345385650814375,0.522671919266045,0.1871063745535946,0.1727601611336755,0.202818742823868,2,1,2
0600312,Tuzla Mahallesi,Çankaya,102,10,362.97410562987113,29.576145961700263,0.0032034979206945,0.5232837395544104,0.0865267366993593,0.1533792485965318,0.2497895012811021,2,3,2
0600313,Alpagut Mahallesi,Keçiören,18947,1564,427.94166347394736,38.22770001320264,0.0031354065027281,0.764765713766116,0.1352259840985419,0.24252527432664,0.214807640231183,2,1,2
0600314,Boğaziçi Mahallesi,Yenimahalle,949,163,532.1132622017506,17.851009587205688,0.00275236849679015,1.644474257815874,0.0913060017795513,0.1034654202235179,0.13760601232814748,2,3,1
0600315,İlkyerleşim Mahallesi,Mamak,2086,186,539.2592335310876,39.83894218956743,0.0030734693880272498,0.5142150818334512,0.1244781973786516,0.2598136252795836,0.29896811104571447,2,4,2
0600316,Kutlu Mahallesi,Sincan,4241,320,505.4749214805609,41.29707390805256,0.0027938015224301003,0.3309921634398134,0.1709102877943986,0.3413171454377801,0.1672724047303241,2,2,1
0600317,Maraşal Çakmak Mahallesi,Etimesgut,3016,346,563.9753616986196,37.4415879592608,0.0031066212460692,0.49425637723747545,0.167780667439283,0.299479070436518,0.18848910538216243,2,1,1
0600318,Akşemsettin Mahallesi,Altındağ,31199,2226,418.1043036829749,41.49795847654109,0.0037963162551261503,0.21177487866783076,0.1552654660439543,0.3020360074028911,0.11036425780388295,2,5,1
0600319,Kuzey Yıldızı Mahallesi,Gölbaşı,102,93,579.6491302857389,28.964593058507937,0.0036091100030219998,0.6340816964509142,0.1714153548603824,0.3449908841251801,0.3571506876137224,2,5,2
0600320,Hasayaz Mahallesi,Çankaya,13810,1434,513.4083016514096,26.7624877411904,0.00309783916282345,0.36019826800907645,0.1593729691044455,0.2199912804045148,0.29558169482399493,2,5,2
0600321,Malazgirt Mahallesi,Keçiören,2846,10,485.4692266201402,52.5708902045448,0.00345385650814375,0.522671919266045,0.1871063745535946,0.1727601611336755,0.202818742823868,2,1,2
0600322,Nasuhpaşa Mahallesi,Yenimahalle,14208,1366,410.4341203274407,30.822899737376204,0.0034569849385772,0.4399347675899223,0.031565439657392,0.1895239434646463,0.2227346330804542,2,3,2
0600323,Şahintepe Mahallesi,Mamak,38077,2861,485.1284428386649,53.687334682683904,0.00371676308055965,0.3657153912518754,0.1450577399380347,0.2947661649208373,0.1519441199332159,2,4,1
0600324,Namık Kemal Mahallesi,Sincan,20881,1776,494.3668366218204,38.61524921081434,0.0032177051981287,0.126214023629948,0.1043594540351743,0.2778673391396901,0.1468608469945345,2,5,1
0600325,Mürsel Uluç Mahallesi,Etimesgut,6363,319,392.0613143871713,35.67812549979497,0.00364319104574735,0.08179262050937608,0.1088232514687075,0.3565660954173419,0.08877929226127346,2,2,1
0600326,Ufuktepe Mahallesi,Altındağ,6765,543,483.8976655445078,31.815942142465502,0.0032351906147332996,0.21331095629101696,0.1434827427006396,0.1522297752886443,0.243993805339395,2,5,2
0600327,Anıttepe Mahallesi,Gölbaşı,21578,1651,467.58911495392783,36.35423359052584,0.00338684418082615,0.91020472733306,0.1201166158372571,0.2796169511953393,0.23623414423604916,2,1,2
0600328,Satılar Mahallesi,Çankaya,7963,1062,355.13325663172003,36.68508761903492,0.0032022837386656003,1.0746956570572828,0.1512120121312738,0.1623040381145982,0.08702657969897866,2,2,1
0600329,Yukarıkese Mahallesi,Keçiören,19092,1354,428.0193132662532,45.32571391410886,0.0028585831968725,0.19427655268705918,0.1702432846481804,0.1954340161580973,0.2704866229294041,2,1,2
0600330,Kışlacık Mahallesi,Yenimahalle,12333,851,549.0308549215948,22.794143044304164,0.00300386836316625,0.8405429841604485,0.1360142355339813,0.3989005899184423,0.14393957940667906,2,3,1
0600331,Hançılı Mahallesi,Mamak,102,10,537.0968128102093,39.83562690794044,0.0035841130387834503,0.563233669752421,0.1370173795852652,0.3014935002417993,0.3262638094060682,2,1,2
0600332,İstiklal Mahallesi,Sincan,222,10,486.6518782212029,32.872204682132995,0.0031807210076369,0.0,0.1807983503023419,0.2990539201513254,0.22424380939364905,2,3,2
0600333,Aşık Veysel Mahallesi,Etimesgut,102,10,398.1091545911996,36.972853953016326,0.00343665671878105,0.07900380634312841,0.1110352200239284,0.2820385109205063,0.20890323072881561,2,2,2
0600334,Metin Akkuş Mahallesi,Altındağ,13131,1256,428.84672844627534,28.350457211217797,0.0036056542576261,0.6132783510139109,0.1050493722307849,0.1589553345075786,0.22297812758914343,2,4,2
0600335,Yukarıulucak Mahallesi,Gölbaşı,10597,1176,417.3357752097251,36.95982410092769,0.0029182304034659,0.3951546234808137,0.1353621040613772,0.2263449826033971,0.24370023058786536,2,3,2
0600336,Abidinpaşa Mahallesi,Çankaya,9130,687,459.040878507736,36.65067182888628,0.003059217676312,0.15935970617652273,0.1538572392941563,0.2647768379824867,0.25755630691189246,2,4,2
0600337,Güvenevler Mahallesi,Keçiören,10389,677,515.0000860288518,36.51432831886834,0.0033669390638068498,0.5064731490992388,0.050223410977413,0.2394290728878762,0.16941900244288327,2,4,1
0600338,Kayaş Mahallesi,Yenimahalle,16066,1353,385.5658399100698,51.17953025422021,0.00380737798371255,0.2874690501604663,0.1192406162142196,0.2396880652705448,0.2215414444256521,2,1,2
0600339,Eğriekin Mahallesi,Mamak,102,10,488.88632533849807,29.291419842312123,0.00256870749343485,0.09903794591396123,0.1666704506196356,0.3318273177240611,0.1895160949884682,2,5,1
0600340,Kuyumcu Mahallesi,Sincan,13803,1440,374.72482549886,43.09736224541525,0.002923273605944,0.15873965342967383,0.1922227936035833,0.3381390289428967,0.23066720725624063,2,4,2
0600341,Eskitorunobası Mahallesi,Etimesgut,15750,1036,481.8791885935702,35.84535987012483,0.00343179113351635,0.21712367658231524,0.2549110737273373,0.2414422824113216,0.31811740936380484,2,3,2
0600342,Kumpınar Mahallesi,Altındağ,102,108,426.18566935931534,38.263106194648,0.00353534325465545,0.48391484631416937,0.1548991576735447,0.2210589544930549,0.2178913197548577,2,5,2
0600343,Ata Mahallesi,Gölbaşı,21925,1682,288.80610917727824,40.53169845544508,0.0032070141942906498,0.8427298016128032,0.1086742414376972,0.2311266776550301,0.17646481975638617,2,3,1
0600344,Kızılören Mahallesi,Çankaya,5967,10,488.2801476814035,38.43279941093103,0.00289845267544645,0.78614758432308,0.1825044454040822,0.2664364549629042,0.15423092174247577,2,3,1
0600345,Gümüşdere Mahallesi,Keçiören,32425,2698,526.0288722924901,39.94052877166732,0.0042040221918312505,0.5862161706277003,0.2184315778766174,0.334673958947967,0.09494800896868616,2,3,1
0600346,Tepebaşı Mahallesi,Yenimahalle,12951,1220,353.08575123184744,44.54191338666751,0.00322699372741175,0.0,0.1524042473330691,0.1280567573464006,0.24910349976909166,2,3,2
0600347,Aziziye Mahallesi,Mamak,102,10,331.69214903444487,38.30824218452679,0.00285874363210835,0.4579192301579306,0.0744058290218393,0.3427504834640418,0.2596780241292088,2,5,2
0600348,Kartaltepe Mahallesi,Sincan,102,59,521.4501762692348,43.882493112827085,0.0031020811268229,0.5124492514749982,0.0727135106654633,0.1858276326792284,0.28337912408490096,2,5,2
0600349,Sünlü Mahallesi,Etimesgut,16605,1587,440.9278828513594,39.94637301128397,0.00350877826252305,0.0976887500853295,0.1254060653975173,0.2724036274157924,0.03972360217230526,2,3,1
0600350,Hacıenbiya Mahallesi,Altındağ,7807,795,329.1371069990327,46.57939900220765,0.00306045329345285,0.33627999376910184,0.1385953384001483,0.25864112967836,0.1463290927271961,2,2,1
0600351,Sele Mahallesi,Gölbaşı,102,10,450.0112557045871,57.556932899848256,0.0030993498540601997,0.1878513688347312,0.1790283843517807,0.2476920223892585,0.2812086091278901,2,4,2
0600352,Osman Temiz Mahallesi,Çankaya,12218,1261,611.6082835557833,50.2876166771187,0.0030133754152287,0.0,0.1380923532478071,0.2967305187855049,0.23801614067228902,2,3,2
0600353,Çaldağ Mahallesi,Keçiören,29274,2374,329.2876434974893,43.44922819296723,0.0037998437323879,0.3374636773192229,0.1090366767905313,0.1846239144398388,0.2546922407050594,2,2,2
0600354,Karacakaya Mahallesi,Yenimahalle,27176,2140,392.15453042149255,39.89036925881088,0.0030071642934737,0.4402014539431296,0.1752143926692136,0.1824537240968396,0.23973506727598654,2,2,2
0600355,Sele Mahallesi,Mamak,102,10,450.0112557045871,57.556932899848256,0.0030993498540601997,0.1878513688347312,0.1790283843517807,0.2476920223892585,0.2812086091278901,2,4,2
0600356,Prof. Dr. Ahmet Taner Kışlalı Mahallesi,Sincan,45838,3913,400.9235956696392,52.865896410332766,0.0028635653215218,0.3155985722487484,0.1000496883720071,0.1458729613757335,0.08926298548127652,2,1,1
0600357,Oyaca Yeşilçam Mahallesi,Etimesgut,102,345,401.9826752531752,38.064056939231264,0.0031962102266004,0.025598979684972753,0.0783134987594885,0.3853863776541774,0.06073835808263294,2,2,1
0600358,Bahçeleriçi Mahallesi,Altındağ,346,10,385.6707051911672,42.61754259356046,0.00302976662778545,0.298045218208127,0.1240012455796239,0.2558144419463473,0.17618696338290055,2,2,1
0600359,Kasımlar Mahallesi,Gölbaşı,5119,450,389.132270335675,42.54238043139912,0.0033972570380241002,0.22966130700536616,0.1224441879979685,0.2884259499900038,0.1858624610696094,2,2,1
0600360,İncek Mahallesi,Çankaya,102,416,530.4754467468445,31.754515665296186,0.0034224716216187,0.1831808493616981,0.1226047347896532,0.2788820116114204,0.25937659062572543,2,4,2
0600361,Nasuhpaşa Mahallesi,Keçiören,14208,1366,410.4341203274407,30.822899737376204,0.0034569849385772,0.4399347675899223,0.031565439657392,0.1895239434646463,0.2227346330804542,2,3,2
0600362,Küçükesat Mahallesi,Yenimahalle,6306,364,500.7980628194806,50.18932120200523,0.00287744346944485,0.6055950591270126,0.0837956585067056,0.2209506671075546,0.07995035129707588,2,5,1
0600363,Pınarbaşı Mahallesi,Mamak,11811,781,429.7234597878663,45.92431838405616,0.0034225768583968997,0.0,0.1552177968761606,0.3123419109915331,0.18347832128322897,2,5,1
0600364,Akkoyunlu Mahallesi,Sincan,102,83,417.9699685998762,36.46695006665976,0.0035626428930698503,0.10676075829186397,0.0889578175014488,0.471295211361959,0.27297647537422365,2,3,2
0600365,Bahçeleriçi Mahallesi,Etimesgut,346,10,385.6707051911672,42.61754259356046,0.00302976662778545,0.298045218208127,0.1240012455796239,0.2558144419463473,0.17618696338290055,2,2,1
0600366,Kutludüğün Mahallesi,Altındağ,102,92,456.64861021772754,48.097250749608335,0.00367782140984295,0.4277225237538891,0.0989468500896572,0.3659056086670172,0.1820005597470919,2,3,1
0600367,Atatürk Mahallesi,Gölbaşı,102,10,338.6243673076006,33.98461150374882,0.00347769385639825,0.48592793429129094,0.2478304981292858,0.3224053238687638,0.19289682158874216,2,3,1
0600368,Altınevler Mahallesi,Çankaya,32649,2519,486.31841751650944,28.28504180405333,0.0032994519149372,0.7170896371093245,0.0785925752277451,0.3280249966782383,0.23209237373317046,2,4,2
0600369,Pazar Başören Mahallesi,Keçiören,24080,2032,419.7419608051443,48.63049265193703,0.0037316073928336,0.08059561342766328,0.1211605018268373,0.2183962518264346,0.21963552415194929,2,4,2
0600370,Yıldırımören Mahallesi,Yenimahalle,10504,997,418.955751023716,63.00201840738928,0.0037488785217383996,0.43748620272837047,0.1171687964600147,0.2846772520044512,0.08006375677293957,2,5,1
0600371,Yücetepe Mahallesi,Mamak,5078,635,484.57057629365926,59.3534840310272,0.0038311053105753003,0.36451913842604333,0.1224509098230875,0.2900665272803369,0.14802802977907376,2,5,1
0600372,Kızılören Mahallesi,Sincan,5967,10,488.2801476814035,38.43279941093103,0.00289845267544645,0.78614758432308,0.1825044454040822,0.2664364549629042,0.15423092174247577,2,3,1
0600373,Dumlupınar Mahallesi,Etimesgut,27533,1889,415.676746817648,49.54832287421894,0.00317883049004115,0.1978305002301131,0.1818335076847916,0.0847757779967511,0.3289343678320112,2,5,2
0600374,Yıldırım Beyazıt Mahallesi,Altındağ,658,10,490.1957201993095,42.563049623312345,0.0031895866400381,0.16068663834439217,0.1213501097504527,0.2058513483286042,0.3552594169257956,2,1,2
0600375,Erzurum Mahallesi,Gölbaşı,1256,270,509.09709574374114,43.65097008002508,0.00325136319987835,0.6718778997686482,0.239089945438553,0.3234374136533089,0.1548186365677959,2,2,1
0600376,Elmapınar Mahallesi,Çankaya,22839,1668,408.85859654759855,46.95313338918008,0.0031452859460059,0.2293906408727399,0.1689023130213941,0.1180309656453109,0.24538554898950604,2,3,2
0600377,Bostancık Mahallesi,Keçiören,27166,2173,480.2656589598193,50.864991578078254,0.00272972132508545,0.13496579845119816,0.1071613953086603,0.1538280379139129,0.17714045308109722,2,1,1
0600378,Sığırlıhacı Mahallesi,Yenimahalle,35901,3043,418.1642626214665,44.765790453911286,0.00284320839731175,0.21850381913692848,0.1437784607928094,0.1942108617667063,0.2696304649573473,2,4,2
0600379,Yazlıca Mahallesi,Mamak,15888,1532,491.4981837834671,26.538535418235185,0.00309840942528785,1.2346335592518922,0.1527628049143338,0.236210003403707,0.2440983231693173,2,4,2
0600380,Melikşah Mahallesi,Sincan,5324,748,315.1705042371484,42.214031916235456,0.00363238721613045,0.5553751625518477,0.0949258121511521,0.3434193540422223,0.15426478873012073,2,5,1
0600381,Koyunbaba Mahallesi,Etimesgut,20966,2062,488.3126788623399,21.037096168185865,0.0031754666500065504,0.27226817699611333,0.0789958508488644,0.1696529738964874,0.2086475285136382,2,2,2
0600382,Zirvekent Mahallesi,Altındağ,29266,2385,522.6143315703399,43.03249667318814,0.0029860134273087,0.47692049251404645,0.055414280551425,0.1355335038700262,0.17226380577355843,2,1,1
0600383,Sakarya Mahallesi,Gölbaşı,9153,792,478.0606847624103,39.29447815022184,0.0030288214730422,0.670066997749451,0.2099668390464125,0.3319021041296653,0.17667270677313207,2,4,1
0600384,Yukarıçanlı Mahallesi,Çankaya,1551,66,454.566969498681,25.99056519182774,0.00323128672817985,0.9632995758040789,0.0877424712019957,0.2178338992448119,0.2229869691427056,2,2,2
0600385,Ciğir Mahallesi,Keçiören,23093,2165,483.0272444343349,47.46458396683592,0.0035236859106949,0.08253449576163041,0.2216711209912584,0.2392553006823561,0.2498917388715348,2,5,2
0600386,Aktepe Mahallesi,Yenimahalle,102,94,464.9946419113877,33.30987921542122,0.00300264161447315,0.5829224834755649,0.0429284559840147,0.2355211307188542,0.2385915008319001,2,1,2
0600387,Cebirli Mahallesi,Mamak,102,27,355.74854284986486,15.049103556940327,0.0033592399623163,0.8100140891905603,0.1370912430984282,0.2803066906151583,0.2429312473550242,2,2,2
0600388,Saraycık Mahallesi,Sincan,29755,2878,451.9302542678528,60.166305829985504,0.0031777147061111998,0.5068149789226424,0.1867634654987493,0.2178410807091091,0.13688403451083922,2,2,1
0600389,Camili Mahallesi,Etimesgut,3027,313,378.9370557720154,48.55662026511929,0.0031538706025866997,0.2017893864937064,0.1505962990385738,0.3704049630886664,0.13587584271455744,2,1,1
0600390,Hilal Mahallesi,Altındağ,8979,646,457.127402525124,22.406652204949957,0.00346953517129465,1.0680724343275836,0.2063954496626784,0.112305933976822,0.145756666550145,2,1,1
0600391,Keklik Pınarı Mahallesi,Gölbaşı,21673,1752,412.3439003324427,41.74710559424435,0.0025749366846102998,0.18714717379782442,0.1016633540927775,0.30367289986215,0.23740856837275695,2,3,2
0600392,Adalet Mahallesi,Çankaya,4745,229,433.35690849451487,46.74127553276241,0.0030934947249471,0.18851611942843374,0.2337429836457032,0.2280158156197849,0.06826501855090962,2,4,1
0600393,Pınarbaşı Mahallesi,Keçiören,102,10,386.1108512839917,37.8464426418114,0.0029185503750416503,0.3346509774361623,0.0577547379851953,0.1686246263563687,0.2321551593114818,2,1,2
0600394,İvedikköy Mahallesi,Yenimahalle,16378,1129,478.43341958913607,33.74248769350856,0.00336874697933755,0.17269920487360688,0.1389443452355749,0.3230867700986599,0.15256830927397516,2,4,1
0600395,Alibeyli Mahallesi,Mamak,22096,1827,426.3005853810959,28.987577659417184,0.0030797720022825497,0.6335956913823385,0.1562980707439319,0.3804103971899528,0.22333151811992932,2,3,2
0600396,Davdanlı Mahallesi,Sincan,14552,1378,393.1734025103691,23.977186421341525,0.0033088896887926503,0.24021921039406408,0.1567214441314011,0.2965698235770431,0.2545312321134794,2,2,2
0600397,Bağcılar Mahallesi,Etimesgut,12229,1121,567.1504243499196,34.628953576089174,0.0028801489529475003,0.6455423943585997,0.2089256344899211,0.2695368722037402,0.10927586391281682,2,3,1
0600398,Aziziye Mahallesi,Altındağ,102,10,331.69214903444487,38.30824218452679,0.00285874363210835,0.4579192301579306,0.0744058290218393,0.3427504834640418,0.2596780241292088,2,5,2
0600399,Peyami Safa Mahallesi,Gölbaşı,10581,631,542.5193986062636,56.76319930723602,0.0025733281787477,0.08656030240647782,0.1135863898796693,0.2564633303777583,0.15993237381493478,2,2,1
0600400,Konutkent Mahallesi,Çankaya,12631,835,469.4127213791699,29.6631165923324,0.0037512601981983503,0.45657459370913495,0.0550738484967714,0.1912157034231713,0.10110144107055671,2,2,1
0600401,Sarıbeyler Mahallesi,Keçiören,22357,1880,486.7840286890855,27.1633125702254,0.003788454897159,0.28405749430405064,0.1354255010503254,0.2934880123675546,0.17865195577520776,2,3,1
0600402,İleri Mahallesi,Yenimahalle,102,112,456.54185705091294,20.2522095514558,0.0036164435574533,0.8940246873623773,0.1548835188374167,0.209719667049016,0.19529418530324777,2,1,1
0600403,Oyaca Yeşilçam Mahallesi,Mamak,102,345,401.9826752531752,38.064056939231264,0.0031962102266004,0.025598979684972753,0.0783134987594885,0.3853863776541774,0.06073835808263294,2,2,1
0600404,Örencik Mahallesi,Sincan,24404,2071,417.253677100463,42.78336122283261,0.0029912083746139,0.2740767192113636,0.055907547725118,0.0932487819127405,0.2451787564519636,2,3,2
0600405,Hüseyingazi Mahallesi,Etimesgut,10423,852,349.33414954638545,53.74366352671786,0.00337108194067945,0.07306781721043905,0.1366179454550603,0.1995825157441914,0.20521673480858058,2,2,2
0600406,Bostancık Mahallesi,Altındağ,27166,2173,480.2656589598193,50.864991578078254,0.00272972132508545,0.13496579845119816,0.1071613953086603,0.1538280379139129,0.17714045308109722,2,1,1
0600407,Devlet Mahallesi,Gölbaşı,33984,2720,495.2128230833972,33.749799959964804,0.0030146394763489502,0.028777144074270893,0.2100379480768453,0.2809106123078448,0.2515171825592593,2,1,2
0600408,Oyaca Yeşilçam Mahallesi,Çankaya,102,345,401.9826752531752,38.064056939231264,0.0031962102266004,0.025598979684972753,0.0783134987594885,0.3853863776541774,0.06073835808263294,2,2,1
0600409,Elmapınar Mahallesi,Keçiören,22839,1668,408.85859654759855,46.95313338918008,0.0031452859460059,0.2293906408727399,0.1689023130213941,0.1180309656453109,0.24538554898950604,2,3,2
0600410,Yakacık Mahallesi,Yenimahalle,23949,1841,568.161257085858,49.73167978689827,0.0034584236165190498,0.45336563063973045,0.1076821672504563,0.2232179734314767,0.17665999766650758,2,4,1
0600411,Karatepe Mahallesi,Mamak,41215,3416,288.80610917727824,51.24778338038168,0.0029145349347954,0.1913956794529749,0.0720282110436887,0.2998355224330646,0.2396849611896415,2,4,2
0600412,Kapaklı Mahallesi,Sincan,25831,2018,517.4515604129327,46.67755980726321,0.0035646543422387,0.18876805013474995,0.1529106363542528,0.4085219413666136,0.17419800474858108,2,5,1
0600413,Süleler Mahallesi,Etimesgut,30760,2612,464.7202884098511,38.83052163033525,0.00290936141453885,0.276170121548755,0.2128542446052672,0.3158058336960384,0.1219138988479688,2,5,1
0600414,Çandır Mahallesi,Altındağ,28289,2660,430.0600712301661,34.699694152659085,0.0030915781107221504,0.2521030001409588,0.0473141102190467,0.370755924032212,0.10663192479854405,2,5,1
0600415,Çatokçular Mahallesi,Gölbaşı,28907,2160,537.3345354268665,38.74018740649728,0.0034800410010089,0.0,0.1674285372147536,0.2052963344892034,0.18218206249722016,2,3,1
0600416,Hasanoğlan Bahçelievler Mahallesi,Çankaya,1276,10,412.7847108550785,33.31918943787345,0.0031904776429635,0.2331057385397186,0.2091993721598444,0.1941906839512754,0.1434705164174933,2,2,1
0600417,Aliağa Mahallesi,Keçiören,18194,1653,378.8653095809699,39.031529305301326,0.0026302963797202,0.4496455746849592,0.1243841344770452,0.327323540041649,0.16021711096791172,2,1,1
0600418,Orta İmrahor Mahallesi,Yenimahalle,4569,382,413.60818342603545,41.44665249153288,0.00267793412713695,0.3769437413984914,0.1823003093557275,0.2563022182293066,0.2645514309578091,2,3,2
0600419,Sarıkoz Mahallesi,Mamak,15579,1348,535.7108609448336,22.265904844777943,0.0032153632295169998,0.644720250515714,0.099502289866192,0.2568410663711679,0.09754278838612075,2,3,1
0600420,Eğerlibaşköy Mahallesi,Sincan,102,10,429.8668065892529,20.168960935654145,0.002905569713084,0.9447794844911209,0.1624020321447902,0.3978293596561683,0.2727889375161759,2,4,2
0600421,Yukarıçanlı Mahallesi,Etimesgut,1551,66,454.566969498681,25.99056519182774,0.00323128672817985,0.9632995758040789,0.0877424712019957,0.2178338992448119,0.2229869691427056,2,2,2
0600422,Kafkas Mahallesi,Altındağ,102,158,493.6213857555581,60.20627739824596,0.0032278430231777,0.4901458032613455,0.1639510762885169,0.2142853108359577,0.2127036265717679,2,3,2
0600423,Barış Mahallesi,Gölbaşı,102,70,492.9106421584015,43.28905888660437,0.0031712229103471497,0.2935262190439537,0.2605261500795676,0.3667594882706817,0.09937575039265491,2,3,1
0600424,Uğur Mumcu Mahallesi,Çankaya,22273,1583,472.25614153485327,26.169493161912825,0.00335769712503395,0.9569556504074849,0.1094873781492809,0.1687342544817282,0.20471929494583266,2,1,2
0600425,Gökkuşağı Mahallesi,Keçiören,28860,2254,430.24557026432274,51.310442582772126,0.0033662984637404,0.5734992578686415,0.1773827885959596,0.2827708894947195,0.22252545738379553,2,2,2
0600426,Saray Osmangazi Mahallesi,Yenimahalle,12580,1171,505.0222801171395,45.07178102465005,0.0038910008337147,0.34728416493036,0.1557318937276345,0.295768016664079,0.17802108979686238,2,3,1
0600427,Çakırlar Mahallesi,Mamak,22186,1837,421.98353621785657,40.18220916584907,0.0030051527653896,0.19425864134151677,0.1190124171664459,0.3792393555112064,0.2907921882715026,2,5,2
0600428,İncesu Mahallesi,Sincan,8903,627,517.3347022595078,25.527472345317893,0.0029080794935320998,0.678541843930223,0.1344846147307548,0.1874962634541553,0.13919296347672855,2,1,1
0600429,Ayrancı Mahallesi,Etimesgut,102,198,369.6140758695261,51.10498478120058,0.0032890788853904,0.3838404345377715,0.2160530869176733,0.2399860457293468,0.25206699086426027,2,3,2
0600430,Türkkarsak Mahallesi,Altındağ,102,228,458.1247909225722,42.70325170474345,0.0038691652901045002,0.20593433323459454,0.0965028724302441,0.1796226110892355,0.19049169782164432,2,3,1
0600431,Fidanlık Mahallesi,Gölbaşı,21597,1612,445.7459292022693,46.89820609670757,0.00329891870699445,0.0,0.1373524150387118,0.3054286067389949,0.2361290505241709,2,1,2
0600432,Eryaman Mahallesi,Çankaya,102,10,487.3293327773952,55.15762215675578,0.0037027910698118997,0.4095615005884485,0.1568410914835646,0.2460882253220715,0.11626705223774442,2,2,1
0600433,Çamlıca Mahallesi,Keçiören,10534,844,436.20550314162784,26.70452578475293,0.00314706241154245,0.3970470415362173,0.1550655141610626,0.4523942199401561,0.14108634186293365,2,1,1
0600434,Yeniçöte Mahallesi,Yenimahalle,1049,219,541.4815884202825,25.969192037263177,0.0034497180542582,0.4820314966068681,0.1977967911165381,0.3024694543316998,0.3129405400089905,2,1,2
0600435,Dodurga Mahallesi,Mamak,21634,1850,592.5984839294149,31.04662190130275,0.00324722517305455,0.4368635185049216,0.2751321022406407,0.0955317648597594,0.1603402953571315,2,3,1
0600436,Başak Mahallesi,Sincan,1788,514,501.4936580753038,44.63551786032341,0.0032463739590696,0.35060410728702995,0.0941406769146498,0.2454729208880083,0.2745039386245579,2,4,2
0600437,Özevler Mahallesi,Etimesgut,27289,2076,314.6389685526885,34.98500465014825,0.0024622015278329,0.47241900245051005,0.0939588817239806,0.3042340697071415,0.17157894208881408,2,5,1
0600438,Kışlacık Mahallesi,Altındağ,12333,851,549.0308549215948,22.794143044304164,0.00300386836316625,0.8405429841604485,0.1360142355339813,0.3989005899184423,0.14393957940667906,2,3,1
0600439,Eğriekin Mahallesi,Gölbaşı,102,10,488.88632533849807,29.291419842312123,0.00256870749343485,0.09903794591396123,0.1666704506196356,0.3318273177240611,0.1895160949884682,2,5,1
0600440,Yenidoğan Yeşilyurt Mahallesi,Çankaya,102,10,486.427148179346,39.36073259685499,0.00353104814206055,0.8919560593606572,0.2081500484852652,0.3242412527321349,0.21357206582570745,2,2,2
0600441,Kuzey Yıldızı Mahallesi,Keçiören,102,93,579.6491302857389,28.964593058507937,0.0036091100030219998,0.6340816964509142,0.1714153548603824,0.3449908841251801,0.3571506876137224,2,5,2
0600442,Esentepe Mahallesi,Yenimahalle,102,178,321.00031844849474,30.753275321959624,0.0032906871936367998,0.9447844260416465,0.054597602971521,0.3308671788016251,0.38243308297086154,2,5,2
0600443,Ekici Mahallesi,Mamak,24469,2152,392.14161520368776,42.97600765761224,0.0037947889025543996,0.25013639450046576,0.0894919748509557,0.3138678441079286,0.21158699532144393,2,4,2
0600444,Harman Mahallesi,Sincan,27853,2243,418.566231864899,45.62186195147043,0.00327172811583395,0.17159331835196437,0.1112482905288138,0.02620319987982883,0.17839822998570504,2,2,1
0600445,Hacıköy Mahallesi,Etimesgut,16865,1683,483.1347286561242,41.39540429163932,0.00338460614202375,0.0,0.1059619904442639,0.301544840008656,0.2098324793826951,2,3,2
0600446,Adnan Menderes Mahallesi,Altındağ,38111,3135,359.85199782486666,35.4159419545912,0.0035080831823706,0.6590520171063202,0.2072067601308209,0.2440453256719963,0.23842652748230586,2,3,2
0600447,Demetlale Mahallesi,Gölbaşı,27037,2169,437.7196872098084,46.55342405360851,0.0032615833863483,0.1892608193650579,0.1085903009367118,0.1831722357392194,0.3303524924047353,2,5,2
0600448,Demirtaş Mahallesi,Çankaya,1063,10,423.6768897226317,41.60719285774682,0.0031095100458754,0.023470215541744627,0.1983478322672408,0.2295793474670243,0.21597006572837582,2,2,2
0600449,Uzunlar Mahallesi,Keçiören,14964,1232,411.62320170953,45.658350315818936,0.0028553885942455,0.21432390841751695,0.1862758069387688,0.2530798788556218,0.05698596521970384,2,1,1
0600450,Kışlacık Mahallesi,Yenimahalle,12333,851,549.0308549215948,22.794143044304164,0.00300386836316625,0.8405429841604485,0.1360142355339813,0.3989005899184423,0.14393957940667906,2,3,1
0600451,Batı Sitesi Mahallesi,Mamak,27198,2079,476.8119535128302,42.34068592041204,0.0030997183993083,0.20765707346042014,0.1820266795815517,0.3567922598274755,0.23897391766743997,2,2,2
0600452,Kapaklı Mahallesi,Sincan,25831,2018,517.4515604129327,46.67755980726321,0.0035646543422387,0.18876805013474995,0.1529106363542528,0.4085219413666136,0.17419800474858108,2,5,1
0600453,Saraç Mahallesi,Etimesgut,24643,2356,409.3876306473391,35.24592280021851,0.0037711635448365,0.027589309989756186,0.1119296228357597,0.2237105219400812,0.23737220209426518,2,1,2
0600454,Umut Mahallesi,Altındağ,33362,2730,395.9357971122704,28.12008318402301,0.00346080643388595,1.270600766013621,0.0884930878120956,0.1747631768171394,0.20308787174718246,2,5,2
0600455,Çitköy Mahallesi,Gölbaşı,12808,956,421.0933428634876,35.21196823928182,0.00385773069506425,0.856070561952277,0.2076947067269245,0.2283702880691367,0.11719625736548199,2,4,1
0600456,Davdanlı Mahallesi,Çankaya,14552,1378,393.1734025103691,23.977186421341525,0.0033088896887926503,0.24021921039406408,0.1567214441314011,0.2965698235770431,0.2545312321134794,2,2,2
0600457,Günbaşı Mahallesi,Keçiören,22263,1483,533.6201659156777,23.211344729199325,0.00378981283529225,0.41302951619782674,0.1392539484855632,0.3548246996895686,0.28515973379063425,2,2,2
0600458,Aliağa Mahallesi,Yenimahalle,18194,1653,378.8653095809699,39.031529305301326,0.0026302963797202,0.4496455746849592,0.1243841344770452,0.327323540041649,0.16021711096791172,2,1,1
0600459,Çamlıca Mahallesi,Mamak,10534,844,436.20550314162784,26.70452578475293,0.00314706241154245,0.3970470415362173,0.1550655141610626,0.4523942199401561,0.14108634186293365,2,1,1
0600460,Günbaşı Mahallesi,Sincan,22263,1483,533.6201659156777,23.211344729199325,0.00378981283529225,0.41302951619782674,0.1392539484855632,0.3548246996895686,0.28515973379063425,2,2,2
0600461,Yeniçimşit Mahallesi,Etimesgut,12031,522,419.5639700985613,42.52550774504293,0.0025118168060823,0.3676005365341711,0.1263361923910878,0.1911941613098113,0.30152086613303136,2,1,2
0600462,Kavaklı Mahallesi,Altındağ,23322,2139,396.21356391683753,52.65159651219816,0.0033253043968679502,0.31685916366225747,0.1935956994406196,0.2956712408554534,0.26947460810289003,2,2,2
0600463,Aşağıkaraören Mahallesi,Gölbaşı,2792,168,372.7273397325212,31.36541036787552,0.00334954207679195,0.49435492453637775,0.1431314105800301,0.2447561914575196,0.32049601592592175,2,3,2
0600464,Örencik Mahallesi,Çankaya,19256,1598,490.6050552745655,28.348343166750496,0.0030447720400525,0.6814694746604477,0.0963161752216374,0.1404428980275153,0.3074190007926417,2,2,2
0600465,Atatürk Mahallesi,Keçiören,9471,917,467.3774520669905,32.01608976459016,0.0029712300518824003,0.4543239404469858,0.1469669593092689,0.1933274586471629,0.10972302212544643,2,2,1
0600466,Ahi Mesut Mahallesi,Yenimahalle,11625,696,516.0683301664513,36.954923714443865,0.0039420200289451,0.13173521405596278,0.1105277319879506,0.1703347684167817,0.24026351538196647,2,3,2
0600467,Gençali Mahallesi,Mamak,102,10,584.7062266898913,24.348110717721383,0.00237971357807585,1.0257174702106246,0.1841606202000534,0.2302931775056121,0.0622212554244998,2,2,1
0600468,Evciler Mahallesi,Sincan,13287,1291,410.3940955104492,37.86626628161252,0.00376352276833225,1.0034408686807859,0.079694190947013,0.2602341761899663,0.23933430954436513,2,2,2
0600469,Eğerlialören Mahallesi,Etimesgut,102,144,376.439306335546,36.08662370633209,0.0033471346154675,0.10785559860271261,0.1193394053762001,0.2582462577224678,0.20244599514664025,2,5,2
0600470,Yazlıca Mahallesi,Altındağ,15888,1532,491.4981837834671,26.538535418235185,0.00309840942528785,1.2346335592518922,0.1527628049143338,0.236210003403707,0.2440983231693173,2,4,2
0600471,Çankaya Mahallesi,Gölbaşı,8279,344,478.97394015608535,46.2101080526637,0.00322574157591395,0.4448199944082766,0.1087693874782619,0.2022696753110615,0.32750574214968553,2,5,2
0600472,İğceler Mahallesi,Çankaya,22846,1959,426.64909264369135,49.64878732221005,0.0030533742649112502,0.3356447587155816,0.2338227480957331,0.2285302964832825,0.22250476585092657,2,4,2
0600473,Cumhuriyet Mahallesi,Keçiören,102,10,401.1155378621588,40.25353158381165,0.0037443637468034,0.24240348925482327,0.1648288469265152,0.2576588667093251,0.1652225091553149,2,3,1
0600474,Otacı Mahallesi,Yenimahalle,13754,993,466.6444967491937,22.700834725521947,0.00346011940483715,1.1813929899206694,0.1438003513146215,0.231642416694423,0.27145238736678245,2,1,2
0600475,Karapürçek Mahallesi,Mamak,262,10,427.3267338568217,47.56899355571872,0.00299208874135455,0.37060681480562824,0.1576862552972764,0.3345938807089901,0.204097059826622,2,2,2
0600476,Gündoğan Mahallesi,Sincan,850,76,438.6373541817184,30.86960680332797,0.0033808655911186,0.7530685944168539,0.085807305657068,0.3301464969009224,0.225150328298825,2,4,2
0600477,Mehtap Mahallesi,Etimesgut,651,10,527.647315069367,50.32933525438877,0.0029521506884937,0.3506766629801807,0.1851440899297561,0.2499904681152725,0.2663254284060523,2,1,2
0600478,Avdan Mahallesi,Altındağ,102,10,452.1022027990925,41.70652005062212,0.00313872757994275,0.5619750794855594,0.1477329163269968,0.1540636539923485,0.22799608486361916,2,1,2
0600479,Yurtbeyi Mahallesi,Gölbaşı,1234,56,474.5057496684952,33.820697306739405,0.0034296906713978,0.6318081400323361,0.1426684112978198,0.4379286846420026,0.25827831081543223,2,3,2
0600480,Yanık Özbekler Mahallesi,Çankaya,102,10,504.423962362339,48.431891572157824,0.003240766492689,0.20229855022647833,0.1343535516404992,0.2598823361472874,0.18793107311386534,2,4,1
0600481,Yaylak mahallesi,Keçiören,9849,653,337.3452420727999,45.20360041001593,0.0038043282011023995,0.15150334471515672,0.2198173751955922,0.2946979069555588,0.19156441421977355,2,5,1
0600482,Solfasol Mahallesi,Yenimahalle,102,68,451.0833512372257,43.976397758101456,0.00284021179362005,0.24457272143406827,0.1908003424387211,0.174086678334013,0.30636600083430815,2,1,2
0600483,Eryaman Mahallesi,Mamak,102,10,487.3293327773952,55.15762215675578,0.0037027910698118997,0.4095615005884485,0.1568410914835646,0.2460882253220715,0.11626705223774442,2,2,1
0600484,Aşağıemirler Mahallesi,Sincan,20877,1641,468.03893319621216,39.409394117981165,0.0030811665786733,0.4701876980517626,0.1979635413042603,0.3460329238730719,0.31051009375170197,2,1,2
0600485,Kızılkaya Mahallesi,Etimesgut,18394,1879,427.5869360910755,47.4488171441504,0.003486083618490031,0.24768406552210023,0.1376488463181365,0.1629045271618926,0.2348567995785157,2,4,2
0600486,Kalaba Mahallesi,Altındağ,7930,188,362.44800954361807,52.50528630644629,0.0035989829184862,0.33641535710895487,0.2059787455717288,0.3719029928155046,0.052858152471132146,2,1,1
0600487,Çağlayan Mahallesi,Gölbaşı,4656,821,490.7835131261841,30.38892829223756,0.0029458766597396,0.41415877213032737,0.2005206913125327,0.1728235659399428,0.29919665385277094,2,1,2
0600488,Yenice Mahallesi,Çankaya,7685,543,486.7195252569877,22.073011081555304,0.00342076564521055,0.606769526114937,0.1411010125583693,0.1863425869183511,0.30631338508515565,2,3,2
0600489,Kuşcağız Mahallesi,Keçiören,10410,1016,608.5569108456681,44.35424281020533,0.00306962807894845,0.1984378845803347,0.0339631313010934,0.3516100437260572,0.15164600471234377,2,4,1
0600490,Aşağıyurtçu Mahallesi,Yenimahalle,26005,2434,541.510536542854,42.04119981504654,0.0028743839293912,0.32526974294768185,0.1929916780733729,0.2766695881008702,0.05068352688646019,2,2,1
0600491,İncesu Mahallesi,Mamak,8903,627,517.3347022595078,25.527472345317893,0.0029080794935320998,0.678541843930223,0.1344846147307548,0.1874962634541553,0.13919296347672855,2,1,1
0600492,Gökçedere Mahallesi,Sincan,4404,457,459.2333524448947,36.50115977695174,0.00304787147180165,0.4266534713903334,0.1997846877185181,0.2716478172892523,0.16372788067008343,2,2,1
0600493,Kırkkonaklar Mahallesi,Etimesgut,2555,10,406.2440724546591,40.73189871110241,0.0029054037646028003,0.359437276119176,0.1370959645067974,0.3138275023916613,0.08888199266889847,2,4,1
0600494,100. Yıl Mahallesi,Altındağ,29000,2506,318.3938620979652,39.34212415054318,0.0031296236191391998,0.44618374413875883,0.1154034338830679,0.2559607675061418,0.2628456164665166,2,1,2
0600495,Ahi Evran OSB Mahallesi,Gölbaşı,22773,1902,398.1613661004405,55.52970107843849,0.0032584330008132,0.2653472371839816,0.1727695972051259,0.2469680270225148,0.2054733923747865,2,5,2
0600496,Okçular Mahallesi,Çankaya,7936,561,412.598816090838,43.81018438286326,0.0038704269711207,0.602541595662918,0.1800366507572796,0.2192539818512982,0.1707383491551821,2,5,1
0600497,Çarşı Mahallesi,Keçiören,26257,2289,388.1207126415172,36.22795916428711,0.0035887036534047,0.48350756807715245,0.1345441767898749,0.2902988836969941,0.2361184763870389,2,4,2
0600498,Güzeltepe Mahallesi,Yenimahalle,1169,137,426.6517482960775,41.08323245441749,0.0037786843115089,0.23762433199093044,0.1395765894729796,0.2046791203814822,0.13345293864716154,2,5,1
0600499,Tilkiköy Mahallesi,Mamak,9001,595,475.1572225242893,63.51351574787402,0.00320538458848715,0.13950565080305033,0.0710479944441035,0.2192654667434419,0.15504335305459985,2,5,1
